U123,2:00,12.12.2023,12.12.2023 2:00,12.12.2023 2:12,Volkov Viktor,I2342124,4556 827346
W123,3:00,13.12.2023,13.12.2023 3:00,13.12.2023 3:53,Valuret Gerbert,I2342125,4557 827346
A123,4:00,14.12.2023,14.12.2023 4:00,14.12.2023 4:17,Галкин Яков Святославович,I2342126,4558 827346
S123,5:00,15.12.2023,15.12.2023 5:00,15.12.2023 5:50,Афанасьев Аввакум Макарович,I2342127,4559 827346
F123,6:00,16.12.2023,16.12.2023 6:00,16.12.2023 6:00,Никонов Филипп Улебович,I2342128,4560 827346
B123,7:00,17.12.2023,17.12.2023 7:00,17.12.2023 7:34,Селиверстов Вальтер Владленович,I2342129,4561 827346
Y123,8:00,18.12.2023,18.12.2023 8:00,18.12.2023 8:00,Лобанов Вадим Робертович,I2342130,4562 827346
M123,9:00,19.12.2023,19.12.2023 9:00,19.12.2023 9:16,Сидоров Ипполит Константинович,I2342131,4563 827346
L123,10:00,11.12.2023,11.12.2023 10:00,11.12.2023 10:22,Анисимов Захар Эльдарович,I2342132,4564 827346
U124,11:00,12.12.2023,12.12.2023 2:00,12.12.2023 2:12,Данилов Юстин Федосеевич,I2342133,4565 827346
W124,12:00,13.12.2023,13.12.2023 3:00,13.12.2023 3:53,Данилов Аким Валерьевич,I2342134,4566 827346
A124,13:00,14.12.2023,14.12.2023 4:00,14.12.2023 4:17,Воронцов Терентий Геннадьевич,I2342135,4567 827346
S124,14:00,15.12.2023,15.12.2023 5:00,15.12.2023 5:50,Жуков Гавриил Георгьевич,I2342136,4568 827346
F124,15:00,16.12.2023,16.12.2023 6:00,16.12.2023 6:00,Титов Геннадий Филиппович,I2342137,4569 827346
B124,16:00,17.12.2023,17.12.2023 7:00,17.12.2023 7:34,Игнатов Иосиф Глебович,I2342138,4570 827346
Y124,17:00,18.12.2023,18.12.2023 8:00,18.12.2023 8:00,Ларионов Лазарь Львович,I2342139,4571 827346
M124,18:00,19.12.2023,19.12.2023 9:00,19.12.2023 9:16,Комиссаров Рудольф Евсеевич,I2342140,4572 827346
L124,19:00,11.12.2023,11.12.2023 10:00,11.12.2023 10:22,Родионов Леонид Аркадьевич,I2342141,4573 827346
U125,20:00,12.12.2023,12.12.2023 2:00,12.12.2023 2:12,Гусев Бенедикт Христофорович,I2342142,4574 827346
W125,21:00,13.12.2023,13.12.2023 3:00,13.12.2023 3:53,Фомичёв Ермак Викторович,I2342143,4575 827346
A125,22:00,14.12.2023,14.12.2023 4:00,14.12.2023 4:17,Трофимов Вальтер Тихонович,I2342144,4576 827346
S125,23:00,15.12.2023,15.12.2023 5:00,15.12.2023 5:50,Сергеев Агафон Фролович,I2342145,4577 827346
F125,0:00,16.12.2023,16.12.2023 6:00,16.12.2023 6:00,Игнатьев Лев Яковович,I2342146,4578 827346
B125,1:00,17.12.2023,17.12.2023 7:00,17.12.2023 7:34,Дроздов Роман Онисимович,I2342147,4579 827346
Y125,2:00,18.12.2023,18.12.2023 8:00,18.12.2023 8:00,Горшков Донат Иосифович,I2342148,4580 827346
M125,3:00,19.12.2023,19.12.2023 9:00,19.12.2023 9:16,Хохлов Герман Юлианович,I2342149,4581 827346
L125,4:00,11.12.2023,11.12.2023 10:00,11.12.2023 10:22,Марков Альберт Сергеевич,I2342150,4582 827346
U126,5:00,12.12.2023,12.12.2023 2:00,12.12.2023 2:12,Алексеев Клим Иринеевич,I2342151,4583 827346
W126,6:00,13.12.2023,13.12.2023 3:00,13.12.2023 3:53,Веселов Валентин Олегович,I2342152,4584 827346
A126,7:00,14.12.2023,14.12.2023 4:00,14.12.2023 4:17,Корнилов Петр Иванович,I2342153,4585 827346
S126,8:00,15.12.2023,15.12.2023 5:00,15.12.2023 5:50,Некрасов Аввакуум Глебович,I2342154,4586 827346
F126,9:00,16.12.2023,16.12.2023 6:00,16.12.2023 6:00,Захаров Тарас Альбертович,I2342155,4587 827346
B126,10:00,17.12.2023,17.12.2023 7:00,17.12.2023 7:34,Беспалов Нинель Юлианович,I2342156,4588 827346
Y126,11:00,18.12.2023,18.12.2023 8:00,18.12.2023 8:00,Федосеев Арсений Валентинович,I2342157,4589 827346
M126,12:00,19.12.2023,19.12.2023 9:00,19.12.2023 9:16,Филиппов Макар Яковлевич,I2342158,4590 827346
L126,13:00,11.12.2023,11.12.2023 10:00,11.12.2023 10:22,Ермаков Ипполит Даниилович,I2342159,4591 827346
U127,14:00,12.12.2023,12.12.2023 2:00,12.12.2023 2:12,Беляев Аввакум Игнатьевич,I2342160,4592 827346
W127,15:00,13.12.2023,13.12.2023 3:00,13.12.2023 3:53,Бобылёв Гордий Данилович,I2342161,4593 827346
A127,16:00,14.12.2023,14.12.2023 4:00,14.12.2023 4:17,Зыков Яков Семёнович,I2342162,4594 827346
S127,17:00,15.12.2023,15.12.2023 5:00,15.12.2023 5:50,Васильев Ираклий Валерьевич,I2342163,4595 827346
F127,18:00,16.12.2023,16.12.2023 6:00,16.12.2023 6:00,Гущин Ефим Эдуардович,I2342164,4596 827346
B127,19:00,17.12.2023,17.12.2023 7:00,17.12.2023 7:34,Панов Самуил Мэлсович,I2342165,4597 827346
Y127,20:00,18.12.2023,18.12.2023 8:00,18.12.2023 8:00,Федотов Владлен Юлианович,I2342166,4598 827346
M127,21:00,19.12.2023,19.12.2023 9:00,19.12.2023 9:16,Сергеев Мстислав Даниилович,I2342167,4599 827346
L127,22:00,11.12.2023,11.12.2023 10:00,11.12.2023 10:22,Баранов Климент Матвеевич,I2342168,4600 827346
U128,23:00,12.12.2023,12.12.2023 2:00,12.12.2023 2:12,Рыбаков Донат Авдеевич,I2342169,4601 827346
W128,0:00,13.12.2023,13.12.2023 3:00,13.12.2023 3:53,Евдокимов Олег Филиппович,I2342170,4602 827346
A128,1:00,14.12.2023,14.12.2023 4:00,14.12.2023 4:17,Евдокимов Антон Валерьянович,I2342171,4603 827346
S128,2:00,15.12.2023,15.12.2023 5:00,15.12.2023 5:50,Пахомов Панкрат Иринеевич,I2342172,4604 827346
F128,3:00,16.12.2023,16.12.2023 6:00,16.12.2023 6:00,Лихачёв Рубен Наумович,I2342173,4605 827346
B128,4:00,17.12.2023,17.12.2023 7:00,17.12.2023 7:34,Воронцов Мирослав Борисович,I2342174,4606 827346
Y128,5:00,18.12.2023,18.12.2023 8:00,18.12.2023 8:00,Сазонов Аристарх Львович,I2342175,4607 827346
M128,6:00,19.12.2023,19.12.2023 9:00,19.12.2023 9:16,Моисеев Осип Антонинович,I2342176,4608 827346
L128,7:00,11.12.2023,11.12.2023 10:00,11.12.2023 10:22,Родионов Витольд Онисимович,I2342177,4609 827346
U129,8:00,12.12.2023,12.12.2023 2:00,12.12.2023 2:12,Бобылёв Корнелий Денисович,I2342178,4610 827346
W129,9:00,13.12.2023,13.12.2023 3:00,13.12.2023 3:53,Панов Ермолай Макарович,I2342179,4611 827346
A129,10:00,14.12.2023,14.12.2023 4:00,14.12.2023 4:17,Капустин Емельян Ярославович,I2342180,4612 827346
S129,11:00,15.12.2023,15.12.2023 5:00,15.12.2023 5:50,Якушев Исаак Иванович,I2342181,4613 827346
F129,12:00,16.12.2023,16.12.2023 6:00,16.12.2023 6:00,Евдокимов Мстислав Дмитриевич,I2342182,4614 827346
B129,13:00,17.12.2023,17.12.2023 7:00,17.12.2023 7:34,Журавлёв Эрнест Улебович,I2342183,4615 827346
Y129,14:00,18.12.2023,18.12.2023 8:00,18.12.2023 8:00,Ермаков Владлен Федотович,I2342184,4616 827346
M129,15:00,19.12.2023,19.12.2023 9:00,19.12.2023 9:16,Гурьев Гурий Артемович,I2342185,4617 827346
L129,16:00,11.12.2023,11.12.2023 10:00,11.12.2023 10:22,Гущин Абрам Донатович,I2342186,4618 827346
U130,17:00,12.12.2023,12.12.2023 2:00,12.12.2023 2:12,Лихачёв Августин Натанович,I2342187,4619 827346
W130,18:00,13.12.2023,13.12.2023 3:00,13.12.2023 3:53,Фокин Руслан Вениаминович,I2342188,4620 827346
A130,19:00,14.12.2023,14.12.2023 4:00,14.12.2023 4:17,Федотов Валерий Андреевич,I2342189,4621 827346
S130,20:00,15.12.2023,15.12.2023 5:00,15.12.2023 5:50,Колесников Велор Юрьевич,I2342190,4622 827346
F130,21:00,16.12.2023,16.12.2023 6:00,16.12.2023 6:00,Дорофеев Евгений Сергеевич,I2342191,4623 827346
B130,22:00,17.12.2023,17.12.2023 7:00,17.12.2023 7:34,Сысоев Адам Федосеевич,I2342192,4624 827346
Y130,23:00,18.12.2023,18.12.2023 8:00,18.12.2023 8:00,Калашников Захар Ильяович,I2342193,4625 827346
M130,0:00,19.12.2023,19.12.2023 9:00,19.12.2023 9:16,Селиверстов Ярослав Эльдарович,I2342194,4626 827346
L130,1:00,11.12.2023,11.12.2023 10:00,11.12.2023 10:22,Копылов Адам Даниилович,I2342195,4627 827346
U131,2:00,12.12.2023,12.12.2023 2:00,12.12.2023 2:12,Сидоров Лазарь Филатович,I2342196,4628 827346
W131,3:00,13.12.2023,13.12.2023 3:00,13.12.2023 3:53,Игнатьев Нисон Иванович,I2342197,4629 827346
A131,4:00,14.12.2023,14.12.2023 4:00,14.12.2023 4:17,Борисов Аввакум Геласьевич,I2342198,4630 827346
S131,5:00,15.12.2023,15.12.2023 5:00,15.12.2023 5:50,Буров Климент Васильевич,I2342199,4631 827346
F131,6:00,16.12.2023,16.12.2023 6:00,16.12.2023 6:00,Лыткин Елисей Иосифович,I2342200,4632 827346
B131,7:00,17.12.2023,17.12.2023 7:00,17.12.2023 7:34,Виноградов Аристарх Леонидович,I2342201,4633 827346
Y131,8:00,18.12.2023,18.12.2023 8:00,18.12.2023 8:00,Воронцов Остап Фролович,I2342202,4634 827346
M131,9:00,19.12.2023,19.12.2023 9:00,19.12.2023 9:16,Рябов Пантелеймон Валерьевич,I2342203,4635 827346
L131,10:00,11.12.2023,11.12.2023 10:00,11.12.2023 10:22,Герасимов Мартин Гордеевич,I2342204,4636 827346
U132,11:00,12.12.2023,12.12.2023 2:00,12.12.2023 2:12,Потапов Панкрат Никитевич,I2342205,4637 827346
W132,12:00,13.12.2023,13.12.2023 3:00,13.12.2023 3:53,Сазонов Пантелеймон Георгиевич,I2342206,4638 827346
A132,13:00,14.12.2023,14.12.2023 4:00,14.12.2023 4:17,Евсеев Вольдемар Аркадьевич,I2342207,4639 827346
S132,14:00,15.12.2023,15.12.2023 5:00,15.12.2023 5:50,Овчинников Аввакуум Всеволодович,I2342208,4640 827346
F132,15:00,16.12.2023,16.12.2023 6:00,16.12.2023 6:00,Петухов Адольф Петрович,I2342209,4641 827346
B132,16:00,17.12.2023,17.12.2023 7:00,17.12.2023 7:34,Носков Валерий Юрьевич,I2342210,4642 827346
Y132,17:00,18.12.2023,18.12.2023 8:00,18.12.2023 8:00,Костин Моисей Оскарович,I2342211,4643 827346
M132,18:00,19.12.2023,19.12.2023 9:00,19.12.2023 9:16,Елисеев Вилли Иосифович,I2342212,4644 827346
L132,19:00,11.12.2023,11.12.2023 10:00,11.12.2023 10:22,Фролов Пантелеймон Геннадьевич,I2342213,4645 827346
U133,20:00,12.12.2023,12.12.2023 2:00,12.12.2023 2:12,Зимин Устин Эдуардович,I2342214,4646 827346
W133,21:00,13.12.2023,13.12.2023 3:00,13.12.2023 3:53,Крюков Роман Геннадьевич,I2342215,4647 827346
A133,22:00,14.12.2023,14.12.2023 4:00,14.12.2023 4:17,Бирюков Анатолий Альбертович,I2342216,4648 827346
S133,23:00,15.12.2023,15.12.2023 5:00,15.12.2023 5:50,Брагин Степан Филатович,I2342217,4649 827346
F133,0:00,16.12.2023,16.12.2023 6:00,16.12.2023 6:00,Громов Роман Ростиславович,I2342218,4650 827346
B133,1:00,17.12.2023,17.12.2023 7:00,17.12.2023 7:34,Голубев Мстислав Агафонович,I2342219,4651 827346
Y133,2:00,18.12.2023,18.12.2023 8:00,18.12.2023 8:00,Рыбаков Пантелеймон Станиславович,I2342220,4652 827346
M133,3:00,19.12.2023,19.12.2023 9:00,19.12.2023 9:16,Муравьёв Александр Георгиевич,I2342221,4653 827346
L133,4:00,11.12.2023,11.12.2023 10:00,11.12.2023 10:22,Михеев Августин Игоревич,I2342222,4654 827346
U134,5:00,12.12.2023,12.12.2023 2:00,12.12.2023 2:12,Зайцев Егор Владимирович,I2342223,4655 827346
W134,6:00,13.12.2023,13.12.2023 3:00,13.12.2023 3:53,Белоусов Герман Валерьевич,I2342224,4656 827346
A134,7:00,14.12.2023,14.12.2023 4:00,14.12.2023 4:17,Коновалов Борис Данилович,I2342225,4657 827346
S134,8:00,15.12.2023,15.12.2023 5:00,15.12.2023 5:50,Силин Аристарх Вениаминович,I2342226,4658 827346
F134,9:00,16.12.2023,16.12.2023 6:00,16.12.2023 6:00,Мышкин Августин Никитевич,I2342227,4659 827346
B134,10:00,17.12.2023,17.12.2023 7:00,17.12.2023 7:34,Дроздов Захар Кимович,I2342228,4660 827346
Y134,11:00,18.12.2023,18.12.2023 8:00,18.12.2023 8:00,Мартынов Оскар Валерьянович,I2342229,4661 827346
M134,12:00,19.12.2023,19.12.2023 9:00,19.12.2023 9:16,Стрелков Тимофей Никитевич,I2342230,4662 827346
L134,13:00,11.12.2023,11.12.2023 10:00,11.12.2023 10:22,Голубев Терентий Святославович,I2342231,4663 827346
U135,14:00,12.12.2023,12.12.2023 2:00,12.12.2023 2:12,Колобов Болеслав Максович,I2342232,4664 827346
W135,15:00,13.12.2023,13.12.2023 3:00,13.12.2023 3:53,Мясников Аркадий Владленович,I2342233,4665 827346
A135,16:00,14.12.2023,14.12.2023 4:00,14.12.2023 4:17,Силин Эдуард Юрьевич,I2342234,4666 827346
S135,17:00,15.12.2023,15.12.2023 5:00,15.12.2023 5:50,Потапов Кондратий Арсеньевич,I2342235,4667 827346
F135,18:00,16.12.2023,16.12.2023 6:00,16.12.2023 6:00,Одинцов Афанасий Донатович,I2342236,4668 827346
B135,19:00,17.12.2023,17.12.2023 7:00,17.12.2023 7:34,Антонов Терентий Сергеевич,I2342237,4669 827346
Y135,20:00,18.12.2023,18.12.2023 8:00,18.12.2023 8:00,Соболев Тарас Созонович,I2342238,4670 827346
M135,21:00,19.12.2023,19.12.2023 9:00,19.12.2023 9:16,Соловьёв Аввакуум Вениаминович,I2342239,4671 827346
L135,22:00,11.12.2023,11.12.2023 10:00,11.12.2023 10:22,Павлов Феликс Юрьевич,I2342240,4672 827346
U136,23:00,12.12.2023,12.12.2023 2:00,12.12.2023 2:12,Ситников Игнат Борисович,I2342241,4673 827346
W136,0:00,13.12.2023,13.12.2023 3:00,13.12.2023 3:53,Елисеев Виктор Германович,I2342242,4674 827346
A136,1:00,14.12.2023,14.12.2023 4:00,14.12.2023 4:17,Якушев Игорь Владленович,I2342243,4675 827346
S136,2:00,15.12.2023,15.12.2023 5:00,15.12.2023 5:50,Новиков Май Альвианович,I2342244,4676 827346
F136,3:00,16.12.2023,16.12.2023 6:00,16.12.2023 6:00,Фролов Ермолай Мэлсович,I2342245,4677 827346
B136,4:00,17.12.2023,17.12.2023 7:00,17.12.2023 7:34,Давыдов Юстин Яковлевич,I2342246,4678 827346
Y136,5:00,18.12.2023,18.12.2023 8:00,18.12.2023 8:00,Рябов Панкрат Эльдарович,I2342247,4679 827346
M136,6:00,19.12.2023,19.12.2023 9:00,19.12.2023 9:16,Игнатьев Юлиан Тимурович,I2342248,4680 827346
L136,7:00,11.12.2023,11.12.2023 10:00,11.12.2023 10:22,Суворов Емельян Валентинович,I2342249,4681 827346
U137,8:00,12.12.2023,12.12.2023 2:00,12.12.2023 2:12,Орлов Гаянэ Дмитриевич,I2342250,4682 827346
W137,9:00,13.12.2023,13.12.2023 3:00,13.12.2023 3:53,Комиссаров Григорий Игоревич,I2342251,4683 827346
A137,10:00,14.12.2023,14.12.2023 4:00,14.12.2023 4:17,Шашков Руслан Гордеевич,I2342252,4684 827346
S137,11:00,15.12.2023,15.12.2023 5:00,15.12.2023 5:50,Никитин Адольф Андреевич,I2342253,4685 827346
F137,12:00,16.12.2023,16.12.2023 6:00,16.12.2023 6:00,Тихонов Арсений Петрович,I2342254,4686 827346
B137,13:00,17.12.2023,17.12.2023 7:00,17.12.2023 7:34,Белозёров Натан Львович,I2342255,4687 827346
Y137,14:00,18.12.2023,18.12.2023 8:00,18.12.2023 8:00,Ильин Макар Григорьевич,I2342256,4688 827346
M137,15:00,19.12.2023,19.12.2023 9:00,19.12.2023 9:16,Исаев Варлам Артёмович,I2342257,4689 827346
L137,16:00,11.12.2023,11.12.2023 10:00,11.12.2023 10:22,Некрасов Остап Серапионович,I2342258,4690 827346
U138,17:00,12.12.2023,12.12.2023 2:00,12.12.2023 2:12,Потапов Нелли Владиславович,I2342259,4691 827346
W138,18:00,13.12.2023,13.12.2023 3:00,13.12.2023 3:53,Орлов Валентин Ефимович,I2342260,4692 827346
A138,19:00,14.12.2023,14.12.2023 4:00,14.12.2023 4:17,Евдокимов Демьян Проклович,I2342261,4693 827346
S138,20:00,15.12.2023,15.12.2023 5:00,15.12.2023 5:50,Куликов Власий Артемович,I2342262,4694 827346
F138,21:00,16.12.2023,16.12.2023 6:00,16.12.2023 6:00,Журавлёв Гавриил Натанович,I2342263,4695 827346
B138,22:00,17.12.2023,17.12.2023 7:00,17.12.2023 7:34,Маслов Арсений Германович,I2342264,4696 827346
Y138,23:00,18.12.2023,18.12.2023 8:00,18.12.2023 8:00,Гущин Лавр Евгеньевич,I2342265,4697 827346
M138,0:00,19.12.2023,19.12.2023 9:00,19.12.2023 9:16,Аксёнов Давид Яковлевич,I2342266,4698 827346
L138,1:00,11.12.2023,11.12.2023 10:00,11.12.2023 10:22,Зайцев Архип Романович,I2342267,4699 827346
U139,2:00,12.12.2023,12.12.2023 2:00,12.12.2023 2:12,Исаев Мечеслав Евгеньевич,I2342268,4700 827346
W139,3:00,13.12.2023,13.12.2023 3:00,13.12.2023 3:53,Симонов Остап Натанович,I2342269,4701 827346
A139,4:00,14.12.2023,14.12.2023 4:00,14.12.2023 4:17,Архипов Митрофан Авдеевич,I2342270,4702 827346
S139,5:00,15.12.2023,15.12.2023 5:00,15.12.2023 5:50,Королёв Егор Иванович,I2342271,4703 827346
F139,6:00,16.12.2023,16.12.2023 6:00,16.12.2023 6:00,Кузьмин Аполлон Борисович,I2342272,4704 827346
B139,7:00,17.12.2023,17.12.2023 7:00,17.12.2023 7:34,Егоров Августин Михаилович,I2342273,4705 827346
Y139,8:00,18.12.2042,18.12.2023 8:00,18.12.2023 8:00,Гурьев Илья Федотович,I2342274,4706 827346
M139,9:00,19.12.2042,19.12.2023 9:00,19.12.2023 9:16,Шубин Панкрат Улебович,I2342275,4707 827346
L139,10:00,11.12.2023,11.12.2023 10:00,11.12.2023 10:22,Орехов Велор Пётрович,I2342276,4708 827346
U140,11:00,12.12.2023,12.12.2023 2:00,12.12.2023 2:12,Суханов Виктор Анатольевич,I2342277,4709 827346
W140,12:00,13.12.2023,13.12.2023 3:00,13.12.2023 3:53,Белозёров Наум Эльдарович,I2342278,4710 827346
A140,13:00,14.12.2023,14.12.2023 4:00,14.12.2023 4:17,Калашников Леонард Львович,I2342279,4711 827346
S140,14:00,15.12.2023,15.12.2023 5:00,15.12.2023 5:50,Лазарев Агафон Яковович,I2342280,4712 827346
F140,15:00,12.12.2023,16.12.2023 6:00,16.12.2023 6:00,Селиверстов Виктор Георгиевич,I2342281,4713 827346
B140,16:00,13.12.2023,17.12.2023 7:00,17.12.2023 7:34,Борисов Нинель Тихонович,I2342282,4714 827346
Y140,17:00,14.12.2023,18.12.2023 8:00,18.12.2023 8:00,Константинов Альфред Борисович,I2342283,4715 827346
M140,18:00,15.12.2023,19.12.2023 9:00,19.12.2023 9:16,Самсонов Артур Платонович,I2342284,4716 827346
L140,19:00,16.12.2023,11.12.2023 10:00,11.12.2023 10:22,Владимиров Аскольд Альвианович,I2342285,4717 827346
U141,20:00,17.12.2023,12.12.2023 2:00,12.12.2023 2:12,Шубин Аверкий Владленович,I2342286,4718 827346
W141,21:00,18.12.2023,13.12.2023 3:00,13.12.2023 3:53,Маслов Игорь Парфеньевич,I2342287,4719 827346
A141,22:00,19.12.2023,14.12.2023 4:00,14.12.2023 4:17,Быков Илья Эльдарович,I2342288,4720 827346
S141,23:00,12.12.2023,15.12.2023 5:00,15.12.2023 5:50,Иванов Тарас Георгиевич,I2342289,4721 827346
F141,0:00,13.12.2023,16.12.2023 6:00,16.12.2023 6:00,Евдокимов Альберт Парфеньевич,I2342290,4722 827346
B141,1:00,14.12.2023,17.12.2023 7:00,17.12.2023 7:34,Мишин Влас Аркадьевич,I2342291,4723 827346
Y141,2:00,15.12.2023,18.12.2023 8:00,18.12.2023 8:00,Шубин Никифор Ярославович,I2342292,4724 827346
M141,3:00,16.12.2023,19.12.2023 9:00,19.12.2023 9:16,Родионов Лаврентий Филиппович,I2342293,4725 827346
L141,4:00,17.12.2023,11.12.2023 10:00,11.12.2023 10:22,Константинов Авраам Германнович,I2342294,4726 827346
U142,5:00,18.12.2023,12.12.2023 2:00,12.12.2023 2:12,Артемьев Аполлон Ростиславович,I2342295,4727 827346
W142,6:00,19.12.2023,13.12.2023 3:00,13.12.2023 3:53,Пестов Ираклий Альвианович,I2342296,4728 827346
A142,7:00,12.12.2023,14.12.2023 4:00,14.12.2023 4:17,Блохин Ибрагил Аркадьевич,I2342297,4729 827346
S142,8:00,13.12.2023,15.12.2023 5:00,15.12.2023 5:50,Назаров Андрей Альбертович,I2342298,4730 827346
F142,9:00,14.12.2023,16.12.2023 6:00,16.12.2023 6:00,Дмитриев Исак Николаевич,I2342299,4731 827346
B142,10:00,15.12.2023,17.12.2023 7:00,17.12.2023 7:34,Григорьев Исаак Донатович,I2342300,4732 827346
Y142,11:00,16.12.2023,18.12.2023 8:00,18.12.2023 8:00,Гущин Нинель Антонинович,I2342301,4733 827346
M142,12:00,17.12.2023,19.12.2023 9:00,19.12.2023 9:16,Бобров Гаянэ Александрович,I2342302,4734 827346
L142,13:00,18.12.2023,11.12.2023 10:00,11.12.2023 10:22,Максимов Флор Валерьянович,I2342303,4735 827346
U143,14:00,19.12.2023,12.12.2023 2:00,12.12.2023 2:12,Филиппов Арсений Демьянович,I2342304,4736 827346
W143,15:00,12.12.2023,13.12.2023 3:00,13.12.2023 3:53,Савин Оскар Геннадьевич,I2342305,4737 827346
A143,16:00,13.12.2023,14.12.2023 4:00,14.12.2023 4:17,Богданов Леонид Мартынович,I2342306,4738 827346
S143,17:00,14.12.2023,15.12.2023 5:00,15.12.2023 5:50,Нестеров Клим Мэлорович,I2342307,4739 827346
F143,18:00,15.12.2023,16.12.2023 6:00,16.12.2023 6:00,Носов Венедикт Проклович,I2342308,4740 827346
B143,19:00,16.12.2023,17.12.2023 7:00,17.12.2023 7:34,Веселов Валерий Антонинович,I2342309,4741 827346
Y143,20:00,17.12.2023,18.12.2023 8:00,18.12.2023 8:00,Федотов Вячеслав Демьянович,I2342310,4742 827346
M143,21:00,18.12.2023,19.12.2023 9:00,19.12.2023 9:16,Данилов Венедикт Степанович,I2342311,4743 827346
L143,22:00,19.12.2023,11.12.2023 10:00,11.12.2023 10:22,Семёнов Яков Аркадьевич,I2342312,4744 827346
U144,23:00,12.12.2023,12.12.2023 2:00,12.12.2023 2:12,Лихачёв Алексей Фролович,I2342313,4745 827346
W144,0:00,13.12.2023,13.12.2023 3:00,13.12.2023 3:53,Кулагин Дмитрий Святославович,I2342314,4746 827346
A144,1:00,14.12.2023,14.12.2023 4:00,14.12.2023 4:17,Селезнёв Ефрем Онисимович,I2342315,4747 827346
S144,2:00,15.12.2023,15.12.2023 5:00,15.12.2023 5:50,Попов Максимилиан Дмитрьевич,I2342316,4748 827346
F144,3:00,16.12.2023,16.12.2023 6:00,16.12.2023 6:00,Шестаков Марк Якунович,I2342317,4749 827346
B144,4:00,17.12.2023,17.12.2023 7:00,17.12.2023 7:34,Семёнов Андрей Павлович,I2342318,4750 827346
Y144,5:00,18.12.2023,18.12.2023 8:00,18.12.2023 8:00,Григорьев Марк Ростиславович,I2342319,4751 827346
M144,6:00,19.12.2023,19.12.2023 9:00,19.12.2023 9:16,Беляев Альберт Михаилович,I2342320,4752 827346
L144,7:00,12.12.2023,11.12.2023 10:00,11.12.2023 10:22,Романов Гордий Артёмович,I2342321,4753 827346
U145,8:00,13.12.2023,12.12.2023 2:00,12.12.2023 2:12,Сысоев Панкрат Константинович,I2342322,4754 827346
W145,9:00,14.12.2023,13.12.2023 3:00,13.12.2023 3:53,Борисов Ипполит Ярославович,I2342323,4755 827346
A145,10:00,15.12.2023,14.12.2023 4:00,14.12.2023 4:17,Аксёнов Панкратий Борисович,I2342324,4756 827346
S145,11:00,16.12.2023,15.12.2023 5:00,15.12.2023 5:50,Воробьёв Натан Созонович,I2342325,4757 827346
F145,12:00,17.12.2023,16.12.2023 6:00,16.12.2023 6:00,Фокин Николай Митрофанович,I2342326,4758 827346
B145,13:00,18.12.2023,17.12.2023 7:00,17.12.2023 7:34,Евдокимов Богдан Иосифович,I2342327,4759 827346
Y145,14:00,19.12.2023,18.12.2023 8:00,18.12.2023 8:00,Галкин Ян Лукьевич,I2342328,4760 827346
M145,15:00,12.12.2023,19.12.2023 9:00,19.12.2023 9:16,Носков Кондрат Тимурович,I2342329,4761 827346
L145,16:00,13.12.2023,11.12.2023 10:00,11.12.2023 10:22,Блинов Юрий Максович,I2342330,4762 827346
U146,17:00,14.12.2023,12.12.2023 2:00,12.12.2023 2:12,Ершов Альфред Богданович,I2342331,4763 827346
W146,18:00,15.12.2023,13.12.2023 3:00,13.12.2023 3:53,Петухов Платон Игнатьевич,I2342332,4764 827346
A146,19:00,16.12.2023,14.12.2023 4:00,14.12.2023 4:17,Мишин Валентин Тихонович,I2342333,4765 827346
S146,20:00,17.12.2023,15.12.2023 5:00,15.12.2023 5:50,Селезнёв Афанасий Тарасович,I2342334,4766 827346
F146,21:00,18.12.2023,16.12.2023 6:00,16.12.2023 6:00,Тимофеев Мстислав Святославович,I2342335,4767 827346
B146,22:00,19.12.2023,17.12.2023 7:00,17.12.2023 7:34,Титов Станислав Германович,I2342336,4768 827346
Y146,23:00,12.12.2023,18.12.2023 8:00,18.12.2023 8:00,Афанасьев Витольд Робертович,I2342337,4769 827346
M146,0:00,13.12.2023,19.12.2023 9:00,19.12.2023 9:16,Петров Пантелей Данилович,I2342338,4770 827346
L146,1:00,14.12.2023,11.12.2023 10:00,11.12.2023 10:22,Ершов Назарий Авксентьевич,I2342339,4771 827346
U147,2:00,15.12.2023,12.12.2023 2:00,12.12.2023 2:12,Дроздов Роберт Евгеньевич,I2342340,4772 827346
W147,3:00,16.12.2023,13.12.2023 3:00,13.12.2023 3:53,Александров Аркадий Русланович,I2342341,4773 827346
A147,4:00,17.12.2023,14.12.2023 4:00,14.12.2023 4:17,Юдин Кондратий Сергеевич,I2342342,4774 827346
S147,5:00,18.12.2023,15.12.2023 5:00,15.12.2023 5:50,Родионов Родион Митрофанович,I2342343,4775 827346
F147,6:00,19.12.2023,16.12.2023 6:00,16.12.2023 6:00,Мышкин Агафон Давидович,I2342344,4776 827346
B147,7:00,12.12.2023,17.12.2023 7:00,17.12.2023 7:34,Лихачёв Герасим Егорович,I2342345,4777 827346
Y147,8:00,13.12.2023,18.12.2023 8:00,18.12.2023 8:00,Тетерин Эдуард Вадимович,I2342346,4778 827346
M147,9:00,14.12.2023,19.12.2023 9:00,19.12.2023 9:16,Поляков Глеб Константинович,I2342347,4779 827346
L147,10:00,15.12.2023,11.12.2023 10:00,11.12.2023 10:22,Кудряшов Мирослав Адольфович,I2342348,4780 827346
U148,11:00,16.12.2023,12.12.2023 2:00,12.12.2023 2:12,Тетерин Петр Алексеевич,I2342349,4781 827346
W148,12:00,17.12.2023,13.12.2023 3:00,13.12.2023 3:53,Блинов Герман Серапионович,I2342350,4782 827346
A148,13:00,18.12.2023,14.12.2023 4:00,14.12.2023 4:17,Савин Остап Гордеевич,I2342351,4783 827346
S148,14:00,19.12.2023,15.12.2023 5:00,15.12.2023 5:50,Котов Панкрат Альбертович,I2342352,4784 827346
F148,15:00,12.12.2023,16.12.2023 6:00,16.12.2023 6:00,Костин Вениамин Георгьевич,I2342353,4785 827346
B148,16:00,13.12.2023,17.12.2023 7:00,17.12.2023 7:34,Медведев Агафон Тарасович,I2342354,4786 827346
Y148,17:00,14.12.2023,18.12.2023 8:00,18.12.2023 8:00,Громов Фрол Леонидович,I2342355,4787 827346
M148,18:00,15.12.2023,19.12.2023 9:00,19.12.2023 9:16,Медведев Альфред Дмитриевич,I2342356,4788 827346
L148,19:00,16.12.2023,11.12.2023 10:00,11.12.2023 10:22,Макаров Май Георгиевич,I2342357,4789 827346
U149,20:00,17.12.2023,12.12.2023 2:00,12.12.2023 2:12,Ширяев Давид Семенович,I2342358,4790 827346
W149,21:00,18.12.2023,13.12.2023 3:00,13.12.2023 3:53,Савельев Лазарь Натанович,I2342359,4791 827346
A149,22:00,19.12.2023,14.12.2023 4:00,14.12.2023 4:17,Молчанов Давид Тимофеевич,I2342360,4792 827346
S149,23:00,12.12.2023,15.12.2023 5:00,15.12.2023 5:50,Михеев Ермолай Павлович,I2342361,4793 827346
F149,0:00,13.12.2023,16.12.2023 6:00,16.12.2023 6:00,Никитин Болеслав Тимофеевич,I2342362,4794 827346
B149,1:00,14.12.2023,17.12.2023 7:00,17.12.2023 7:34,Максимов Герман Леонидович,I2342363,4795 827346
Y149,2:00,15.12.2023,18.12.2023 8:00,18.12.2023 8:00,Егоров Рудольф Альвианович,I2342364,4796 827346
M149,3:00,16.12.2023,19.12.2023 9:00,19.12.2023 9:16,Лукин Лукьян Вениаминович,I2342365,4797 827346
L149,4:00,17.12.2023,11.12.2023 10:00,11.12.2023 10:22,Захаров Елисей Созонович,I2342366,4798 827346
U150,5:00,18.12.2023,12.12.2023 2:00,12.12.2023 2:12,Журавлёв Лазарь Авдеевич,I2342367,4799 827346
W150,6:00,19.12.2023,13.12.2023 3:00,13.12.2023 3:53,Орехов Ефим Евгеньевич,I2342368,4800 827346
A150,7:00,12.12.2023,14.12.2023 4:00,14.12.2023 4:17,Силин Юрий Михаилович,I2342369,4801 827346
S150,8:00,13.12.2023,15.12.2023 5:00,15.12.2023 5:50,Яковлев Терентий Денисович,I2342370,4802 827346
F150,9:00,14.12.2023,16.12.2023 6:00,16.12.2023 6:00,Кузнецов Анатолий Кимович,I2342371,4803 827346
B150,10:00,15.12.2023,17.12.2023 7:00,17.12.2023 7:34,Максимов Дональд Альбертович,I2342372,4804 827346
Y150,11:00,16.12.2023,18.12.2023 8:00,18.12.2023 8:00,Мясников Корней Романович,I2342373,4805 827346
M150,12:00,17.12.2023,19.12.2023 9:00,19.12.2023 9:16,Соболев Вальтер Онисимович,I2342374,4806 827346
L150,13:00,18.12.2023,11.12.2023 10:00,11.12.2023 10:22,Ершов Устин Эдуардович,I2342375,4807 827346
U151,14:00,19.12.2023,12.12.2023 2:00,12.12.2023 2:12,Козлов Модест Тимофеевич,I2342376,4808 827346
W151,15:00,12.12.2023,13.12.2023 3:00,13.12.2023 3:53,Панфилов Мечеслав Максович,I2342377,4809 827346
A151,16:00,13.12.2023,14.12.2023 4:00,14.12.2023 4:17,Дмитриев Адам Максович,I2342378,4810 827346
S151,17:00,14.12.2023,15.12.2023 5:00,15.12.2023 5:50,Орехов Герасим Альбертович,I2342379,4811 827346
F151,18:00,15.12.2023,16.12.2023 6:00,16.12.2023 6:00,Кудрявцев Альберт Степанович,I2342380,4812 827346
B151,19:00,16.12.2023,17.12.2023 7:00,17.12.2023 7:34,Суханов Кассиан Мэлсович,I2342381,4813 827346
Y151,20:00,17.12.2023,18.12.2023 8:00,18.12.2023 8:00,Шаров Станислав Лукьевич,I2342382,4814 827346
M151,21:00,18.12.2023,19.12.2023 9:00,19.12.2023 9:16,Никифоров Анатолий Ефимович,I2342383,4815 827346
L151,22:00,19.12.2023,11.12.2023 10:00,11.12.2023 10:22,Воронцов Гаянэ Антонович,I2342384,4816 827346
U152,23:00,12.12.2023,12.12.2023 2:00,12.12.2023 2:12,Ершов Илья Андреевич,I2342385,4817 827346
W152,0:00,13.12.2023,13.12.2023 3:00,13.12.2023 3:53,Юдин Трофим Лукьянович,I2342386,4818 827346
A152,1:00,14.12.2023,14.12.2023 4:00,14.12.2023 4:17,Щукин Юлий Созонович,I2342387,4819 827346
S152,2:00,15.12.2023,15.12.2023 5:00,15.12.2023 5:50,Фёдоров Игорь Юлианович,I2342388,4820 827346
F152,3:00,16.12.2023,16.12.2023 6:00,16.12.2023 6:00,Киселёв Абрам Яковович,I2342389,4821 827346
B152,4:00,17.12.2023,17.12.2023 7:00,17.12.2023 7:34,Новиков Соломон Валентинович,I2342390,4822 827346
Y152,5:00,18.12.2023,18.12.2023 8:00,18.12.2023 8:00,Лапин Роман Владимирович,I2342391,4823 827346
M152,6:00,19.12.2023,19.12.2023 9:00,19.12.2023 9:16,Кудрявцев Виссарион Дмитрьевич,I2342392,4824 827346
L152,7:00,12.12.2023,11.12.2023 10:00,11.12.2023 10:22,Шашков Эрнест Витальевич,I2342393,4825 827346
U153,8:00,13.12.2023,12.12.2023 2:00,12.12.2023 2:12,Кудрявцев Лавр Максович,I2342394,4826 827346
W153,9:00,14.12.2023,13.12.2023 3:00,13.12.2023 3:53,Мясников Герасим Данилович,I2342395,4827 827346
A153,10:00,15.12.2023,14.12.2023 4:00,14.12.2023 4:17,Рогов Исак Феликсович,I2342396,4828 827346
S153,11:00,16.12.2023,15.12.2023 5:00,15.12.2023 5:50,Самойлов Гаянэ Улебович,I2342397,4829 827346
F153,12:00,17.12.2023,16.12.2023 6:00,16.12.2023 6:00,Рогов Мирослав Михаилович,I2342398,4830 827346
B153,13:00,18.12.2023,17.12.2023 7:00,17.12.2023 7:34,Дементьев Евдоким Георгьевич,I2342399,4831 827346
Y153,14:00,19.12.2023,18.12.2023 8:00,18.12.2023 8:00,Калашников Парамон Константинович,I2342400,4832 827346
M153,15:00,12.12.2023,19.12.2023 9:00,19.12.2023 9:16,Ситников Иннокентий Никитевич,I2342401,4833 827346
L153,16:00,13.12.2023,11.12.2023 10:00,11.12.2023 10:22,Виноградов Арсений Владленович,I2342402,4834 827346
U154,17:00,14.12.2023,12.12.2023 2:00,12.12.2023 2:12,Шарапов Гордей Евгеньевич,I2342403,4835 827346
W154,18:00,15.12.2023,13.12.2023 3:00,13.12.2023 3:53,Голубев Вилен Федосеевич,I2342404,4836 827346
A154,19:00,16.12.2023,14.12.2023 4:00,14.12.2023 4:17,Аксёнов Самуил Вениаминович,I2342405,4837 827346
S154,20:00,17.12.2023,15.12.2023 5:00,15.12.2023 5:50,Блохин Яков Мартынович,I2342406,4838 827346
F154,21:00,18.12.2023,16.12.2023 6:00,16.12.2023 6:00,Русаков Юстин Павлович,I2342407,4839 827346
B154,22:00,19.12.2023,17.12.2023 7:00,17.12.2023 7:34,Осипов Владислав Куприянович,I2342408,4840 827346
Y154,23:00,11.12.2023,18.12.2023 8:00,18.12.2023 8:00,Смирнов Герман Ильяович,I2342409,4841 827346
M154,0:00,12.12.2023,19.12.2023 9:00,19.12.2023 9:16,Блинов Эльдар Кириллович,I2342410,4842 827346
L154,1:00,13.12.2023,11.12.2023 10:00,11.12.2023 10:22,Анисимов Яков Владиславович,I2342411,4843 827346
U155,2:00,14.12.2023,12.12.2023 2:00,12.12.2023 2:12,Титов Аскольд Еремеевич,I2342412,4844 827346
W155,3:00,15.12.2023,13.12.2023 3:00,13.12.2023 3:53,Блинов Давид Ярославович,I2342413,4845 827346
A155,4:00,16.12.2023,14.12.2023 4:00,14.12.2023 4:17,Коновалов Агафон Георгьевич,I2342414,4846 827346
S155,5:00,17.12.2023,15.12.2023 5:00,15.12.2023 5:50,Туров Мирон Максимович,I2342415,4847 827346
F155,6:00,18.12.2042,16.12.2023 6:00,16.12.2023 6:00,Хохлов Вадим Мэлорович,I2342416,4848 827346
B155,7:00,19.12.2042,17.12.2023 7:00,17.12.2023 7:34,Ситников Виктор Георгьевич,I2342417,4849 827346
Y155,8:00,11.12.2023,18.12.2023 8:00,18.12.2023 8:00,Калашников Дональд Викторович,I2342418,4850 827346
M155,9:00,12.12.2023,19.12.2023 9:00,19.12.2023 9:16,Голубев Ростислав Валерьянович,I2342419,4851 827346
L155,10:00,13.12.2023,11.12.2023 10:00,11.12.2023 10:22,Туров Аким Иванович,I2342420,4852 827346
U156,11:00,14.12.2023,12.12.2023 2:00,12.12.2023 2:12,Фомичёв Казимир Сергеевич,I2342421,4853 827346
W156,12:00,15.12.2023,13.12.2023 3:00,13.12.2023 3:53,Александров Аверкий Дмитриевич,I2342422,4854 827346
A156,13:00,12.12.2023,14.12.2023 4:00,14.12.2023 4:17,Миронов Аверкий Федосеевич,I2342423,4855 827346
S156,14:00,13.12.2023,15.12.2023 5:00,15.12.2023 5:50,Горбунов Лавр Александрович,I2342424,4856 827346
F156,15:00,14.12.2023,16.12.2023 6:00,16.12.2023 6:00,Семёнов Николай Платонович,I2342425,4857 827346
B156,16:00,15.12.2023,17.12.2023 7:00,17.12.2023 7:34,Кулагин Тарас Тихонович,I2342426,4858 827346
Y156,17:00,16.12.2023,18.12.2023 8:00,18.12.2023 8:00,Федотов Яков Мэлсович,I2342427,4859 827346
M156,18:00,17.12.2023,19.12.2023 9:00,19.12.2023 9:16,Попов Аверкий Валерьянович,I2342428,4860 827346
L156,19:00,18.12.2023,11.12.2023 10:00,11.12.2023 10:22,Дмитриев Леонтий Борисович,I2342429,4861 827346
U157,20:00,19.12.2023,12.12.2023 2:00,12.12.2023 2:12,Белозёров Альберт Митрофанович,I2342430,4862 827346
W157,21:00,12.12.2023,13.12.2023 3:00,13.12.2023 3:53,Дементьев Валерий Авксентьевич,I2342431,4863 827346
A157,22:00,13.12.2023,14.12.2023 4:00,14.12.2023 4:17,Романов Гордей Натанович,I2342432,4864 827346
S157,23:00,14.12.2023,15.12.2023 5:00,15.12.2023 5:50,Колесников Осип Максимович,I2342433,4865 827346
F157,0:00,15.12.2023,16.12.2023 6:00,16.12.2023 6:00,Костин Гурий Давидович,I2342434,4866 827346
B157,1:00,16.12.2023,17.12.2023 7:00,17.12.2023 7:34,Жуков Иннокентий Петрович,I2342435,4867 827346
Y157,2:00,17.12.2023,18.12.2023 8:00,18.12.2023 8:00,Максимов Николай Михаилович,I2342436,4868 827346
M157,3:00,18.12.2023,19.12.2023 9:00,19.12.2023 9:16,Морозов Модест Проклович,I2342437,4869 827346
L157,4:00,19.12.2023,11.12.2023 10:00,11.12.2023 10:22,Абрамов Лаврентий Миронович,I2342438,4870 827346
U158,5:00,12.12.2023,12.12.2023 2:00,12.12.2023 2:12,Коновалов Адольф Мартынович,I2342439,4871 827346
W158,6:00,13.12.2023,13.12.2023 3:00,13.12.2023 3:53,Зайцев Лавр Онисимович,I2342440,4872 827346
A158,7:00,14.12.2023,14.12.2023 4:00,14.12.2023 4:17,Лукин Парамон Валерьевич,I2342441,4873 827346
S158,8:00,15.12.2023,15.12.2023 5:00,15.12.2023 5:50,Никифоров Гаянэ Георгьевич,I2342442,4874 827346
F158,9:00,16.12.2023,16.12.2023 6:00,16.12.2023 6:00,Ковалёв Даниил Семенович,I2342443,4875 827346
B158,10:00,17.12.2023,17.12.2023 7:00,17.12.2023 7:34,Зайцев Оскар Иосифович,I2342444,4876 827346
Y158,11:00,18.12.2023,18.12.2023 8:00,18.12.2023 8:00,Захаров Моисей Протасьевич,I2342445,4877 827346
M158,12:00,19.12.2023,19.12.2023 9:00,19.12.2023 9:16,Архипов Анатолий Станиславович,I2342446,4878 827346
L158,13:00,12.12.2023,11.12.2023 10:00,11.12.2023 10:22,Рогов Альфред Андреевич,I2342447,4879 827346
U159,14:00,13.12.2023,12.12.2023 2:00,12.12.2023 2:12,Осипов Варлам Протасьевич,I2342448,4880 827346
W159,15:00,14.12.2023,13.12.2023 3:00,13.12.2023 3:53,Морозов Гарри Всеволодович,I2342449,4881 827346
A159,16:00,15.12.2023,14.12.2023 4:00,14.12.2023 4:17,Воронов Агафон Евсеевич,I2342450,4882 827346
S159,17:00,16.12.2023,15.12.2023 5:00,15.12.2023 5:50,Ершов Григорий Альвианович,I2342451,4883 827346
F159,18:00,17.12.2023,16.12.2023 6:00,16.12.2023 6:00,Мышкин Дональд Кириллович,I2342452,4884 827346
B159,19:00,18.12.2023,17.12.2023 7:00,17.12.2023 7:34,Симонов Гордей Вениаминович,I2342453,4885 827346
Y159,20:00,19.12.2023,18.12.2023 8:00,18.12.2023 8:00,Исаков Василий Львович,I2342454,4886 827346
M159,21:00,12.12.2023,19.12.2023 9:00,19.12.2023 9:16,Кошелев Мартын Владимирович,I2342455,4887 827346
L159,22:00,13.12.2023,11.12.2023 10:00,11.12.2023 10:22,Иванов Герасим Вениаминович,I2342456,4888 827346
U160,23:00,14.12.2023,12.12.2023 2:00,12.12.2023 2:12,Королёв Гаянэ Серапионович,I2342457,4889 827346
W160,0:00,15.12.2023,13.12.2023 3:00,13.12.2023 3:53,Кузнецов Яков Александрович,I2342458,4890 827346
A160,1:00,16.12.2023,14.12.2023 4:00,14.12.2023 4:17,Сорокин Виталий Миронович,I2342459,4891 827346
S160,2:00,17.12.2023,15.12.2023 5:00,15.12.2023 5:50,Смирнов Эльдар Феликсович,I2342460,4892 827346
F160,3:00,18.12.2023,16.12.2023 6:00,16.12.2023 6:00,Архипов Гордей Петрович,I2342461,4893 827346
B160,4:00,19.12.2023,17.12.2023 7:00,17.12.2023 7:34,Галкин Пантелей Максович,I2342462,4894 827346
Y160,5:00,12.12.2023,18.12.2023 8:00,18.12.2023 8:00,Осипов Устин Германнович,I2342463,4895 827346
M160,6:00,13.12.2023,19.12.2023 9:00,19.12.2023 9:16,Лукин Вячеслав Натанович,I2342464,4896 827346
L160,7:00,14.12.2023,11.12.2023 10:00,11.12.2023 10:22,Котов Варлаам Матвеевич,I2342465,4897 827346
U161,8:00,15.12.2023,12.12.2023 2:00,12.12.2023 2:12,Устинов Всеволод Максимович,I2342466,4898 827346
W161,9:00,16.12.2023,13.12.2023 3:00,13.12.2023 3:53,Кузнецов Венедикт Евсеевич,I2342467,4899 827346
A161,10:00,17.12.2023,14.12.2023 4:00,14.12.2023 4:17,Филиппов Юрий Аристархович,I2342468,4900 827346
S161,11:00,18.12.2023,15.12.2023 5:00,15.12.2023 5:50,Калинин Тарас Давидович,I2342469,4901 827346
F161,12:00,19.12.2023,16.12.2023 6:00,16.12.2023 6:00,Авдеев Ким Дмитрьевич,I2342470,4902 827346
B161,13:00,12.12.2023,17.12.2023 7:00,17.12.2023 7:34,Орехов Артем Пётрович,I2342471,4903 827346
Y161,14:00,13.12.2023,18.12.2023 8:00,18.12.2023 8:00,Савин Родион Евгеньевич,I2342472,4904 827346
M161,15:00,14.12.2023,19.12.2023 9:00,19.12.2023 9:16,Фомин Устин Эльдарович,I2342473,4905 827346
L161,16:00,15.12.2023,11.12.2023 10:00,11.12.2023 10:22,Давыдов Аввакум Даниилович,I2342474,4906 827346
U162,17:00,16.12.2023,12.12.2023 2:00,12.12.2023 2:12,Дорофеев Остап Проклович,I2342475,4907 827346
W162,18:00,17.12.2023,13.12.2023 3:00,13.12.2023 3:53,Самойлов Пантелей Богуславович,I2342476,4908 827346
A162,19:00,18.12.2023,14.12.2023 4:00,14.12.2023 4:17,Сорокин Артур Христофорович,I2342477,4909 827346
S162,20:00,19.12.2023,15.12.2023 5:00,15.12.2023 5:50,Киселёв Варлам Сергеевич,I2342478,4910 827346
F162,21:00,12.12.2023,16.12.2023 6:00,16.12.2023 6:00,Сысоев Лев Тимофеевич,I2342479,4911 827346
B162,22:00,13.12.2023,17.12.2023 7:00,17.12.2023 7:34,Шилов Ефрем Святославович,I2342480,4912 827346
Y162,23:00,14.12.2023,18.12.2023 8:00,18.12.2023 8:00,Беспалов Мечеслав Лукьянович,I2342481,4913 827346
M162,0:00,15.12.2023,19.12.2023 9:00,19.12.2023 9:16,Устинов Моисей Русланович,I2342482,4914 827346
L162,1:00,16.12.2023,11.12.2023 10:00,11.12.2023 10:22,Белозёров Нисон Натанович,I2342483,4915 827346
U163,2:00,17.12.2023,12.12.2023 2:00,12.12.2023 2:12,Харитонов Ян Сергеевич,I2342484,4916 827346
W163,3:00,18.12.2023,13.12.2023 3:00,13.12.2023 3:53,Панов Тарас Данилович,I2342485,4917 827346
A163,4:00,19.12.2023,14.12.2023 4:00,14.12.2023 4:17,Русаков Денис Георгьевич,I2342486,4918 827346
S163,5:00,12.12.2023,15.12.2023 5:00,15.12.2023 5:50,Меркушев Наум Ильяович,I2342487,4919 827346
F163,6:00,13.12.2023,16.12.2023 6:00,16.12.2023 6:00,Сазонов Алексей Парфеньевич,I2342488,4920 827346
B163,7:00,14.12.2023,17.12.2023 7:00,17.12.2023 7:34,Чернов Родион Андреевич,I2342489,4921 827346
Y163,8:00,15.12.2023,18.12.2023 8:00,18.12.2023 8:00,Панфилов Феликс Вячеславович,I2342490,4922 827346
M163,9:00,16.12.2023,19.12.2023 9:00,19.12.2023 9:16,Лобанов Семен Валерьянович,I2342491,4923 827346
L163,10:00,17.12.2023,11.12.2023 10:00,11.12.2023 10:22,Горбачёв Лаврентий Геннадьевич,I2342492,4924 827346
U164,11:00,18.12.2023,12.12.2023 2:00,12.12.2023 2:12,Соболев Григорий Адольфович,I2342493,4925 827346
W164,12:00,19.12.2023,13.12.2023 3:00,13.12.2023 3:53,Орлов Панкратий Юрьевич,I2342494,4926 827346
A164,13:00,12.12.2023,14.12.2023 4:00,14.12.2023 4:17,Большаков Аркадий Антонинович,I2342495,4927 827346
S164,14:00,13.12.2023,15.12.2023 5:00,15.12.2023 5:50,Давыдов Исак Георгьевич,I2342496,4928 827346
F164,15:00,14.12.2023,16.12.2023 6:00,16.12.2023 6:00,Беляков Борис Михайлович,I2342497,4929 827346
B164,16:00,15.12.2023,17.12.2023 7:00,17.12.2023 7:34,Крюков Руслан Яковович,I2342498,4930 827346
Y164,17:00,16.12.2023,18.12.2023 8:00,18.12.2023 8:00,Калинин Марк Ефимович,I2342499,4931 827346
M164,18:00,17.12.2023,19.12.2023 9:00,19.12.2023 9:16,Антонов Иннокентий Макарович,I2342500,4932 827346
L164,19:00,18.12.2023,11.12.2023 10:00,11.12.2023 10:22,Матвеев Устин Натанович,I2342501,4933 827346
U165,20:00,19.12.2023,12.12.2023 2:00,12.12.2023 2:12,Голубев Аскольд Антонович,I2342502,4934 827346
W165,21:00,12.12.2023,13.12.2023 3:00,13.12.2023 3:53,Наумов Терентий Агафонович,I2342503,4935 827346
A165,22:00,13.12.2023,14.12.2023 4:00,14.12.2023 4:17,Родионов Панкрат Олегович,I2342504,4936 827346
S165,23:00,14.12.2023,15.12.2023 5:00,15.12.2023 5:50,Владимиров Даниил Федорович,I2342505,4937 827346
F165,0:00,15.12.2023,16.12.2023 6:00,16.12.2023 6:00,Жуков Тихон Васильевич,I2342506,4938 827346
B165,1:00,16.12.2023,17.12.2023 7:00,17.12.2023 7:34,Доронин Максимилиан Денисович,I2342507,4939 827346
Y165,2:00,17.12.2023,18.12.2023 8:00,18.12.2023 8:00,Шашков Аверьян Ефимович,I2342508,4940 827346
M165,3:00,18.12.2023,19.12.2023 9:00,19.12.2023 9:16,Шашков Прохор Алексеевич,I2342509,4941 827346
L165,4:00,19.12.2023,11.12.2023 10:00,11.12.2023 10:22,Кузнецов Вольдемар Святославович,I2342510,4942 827346
U166,5:00,12.12.2023,12.12.2023 2:00,12.12.2023 2:12,Молчанов Леонтий Львович,I2342511,4943 827346
W166,6:00,13.12.2023,13.12.2023 3:00,13.12.2023 3:53,Блинов Антон Мэлсович,I2342512,4944 827346
A166,7:00,14.12.2023,14.12.2023 4:00,14.12.2023 4:17,Беляков Панкрат Глебович,I2342513,4945 827346
S166,8:00,15.12.2023,15.12.2023 5:00,15.12.2023 5:50,Шубин Ираклий Аристархович,I2342514,4946 827346
F166,9:00,16.12.2023,16.12.2023 6:00,16.12.2023 6:00,Цветков Трофим Германович,I2342515,4947 827346
B166,10:00,17.12.2023,17.12.2023 7:00,17.12.2023 7:34,Медведев Аввакуум Проклович,I2342516,4948 827346
Y166,11:00,18.12.2023,18.12.2023 8:00,18.12.2023 8:00,Тетерин Ермолай Дмитриевич,I2342517,4949 827346
M166,12:00,19.12.2023,19.12.2023 9:00,19.12.2023 9:16,Большаков Степан Улебович,I2342518,4950 827346
L166,13:00,12.12.2023,11.12.2023 10:00,11.12.2023 10:22,Симонов Тимофей Максимович,I2342519,4951 827346
U167,14:00,13.12.2023,12.12.2023 2:00,12.12.2023 2:12,Соколов Аввакум Михаилович,I2342520,4952 827346
W167,15:00,14.12.2023,13.12.2023 3:00,13.12.2023 3:53,Герасимов Иосиф Яковович,I2342521,4953 827346
A167,16:00,15.12.2023,14.12.2023 4:00,14.12.2023 4:17,Игнатьев Гаянэ Анатольевич,I2342522,4954 827346
S167,17:00,16.12.2023,15.12.2023 5:00,15.12.2023 5:50,Пономарёв Кассиан Георгиевич,I2342523,4955 827346
F167,18:00,17.12.2023,16.12.2023 6:00,16.12.2023 6:00,Петров Елисей Кириллович,I2342524,4956 827346
B167,19:00,18.12.2023,17.12.2023 7:00,17.12.2023 7:34,Королёв Бронислав Аркадьевич,I2342525,4957 827346
Y167,20:00,19.12.2023,18.12.2023 8:00,18.12.2023 8:00,Константинов Зиновий Михаилович,I2342526,4958 827346
M167,21:00,12.12.2023,19.12.2023 9:00,19.12.2023 9:16,Емельянов Осип Эдуардович,I2342527,4959 827346
L167,22:00,13.12.2023,11.12.2023 10:00,11.12.2023 10:22,Лапин Павел Миронович,I2342528,4960 827346
U168,23:00,14.12.2023,12.12.2023 2:00,12.12.2023 2:12,Орлов Максим Серапионович,I2342529,4961 827346
W168,0:00,15.12.2023,13.12.2023 3:00,13.12.2023 3:53,Кононов Наум Иванович,I2342530,4962 827346
A168,1:00,16.12.2023,14.12.2023 4:00,14.12.2023 4:17,Громов Корней Рудольфович,I2342531,4963 827346
S168,2:00,17.12.2023,15.12.2023 5:00,15.12.2023 5:50,Субботин Константин Германнович,I2342532,4964 827346
F168,3:00,18.12.2023,16.12.2023 6:00,16.12.2023 6:00,Зыков Платон Ростиславович,I2342533,4965 827346
B168,4:00,19.12.2023,17.12.2023 7:00,17.12.2023 7:34,Савин Иосиф Алексеевич,I2342534,4966 827346
Y168,5:00,12.12.2023,18.12.2023 8:00,18.12.2023 8:00,Силин Авраам Ильяович,I2342535,4967 827346
M168,6:00,13.12.2023,19.12.2023 9:00,19.12.2023 9:16,Никитин Алан Тихонович,I2342536,4968 827346
L168,7:00,14.12.2023,11.12.2023 10:00,11.12.2023 10:22,Маслов Тимур Всеволодович,I2342537,4969 827346
U169,8:00,15.12.2023,12.12.2023 2:00,12.12.2023 2:12,Князев Августин Донатович,I2342538,4970 827346
W169,9:00,16.12.2023,13.12.2023 3:00,13.12.2023 3:53,Филатов Платон Игоревич,I2342539,4971 827346
A169,10:00,17.12.2023,14.12.2023 4:00,14.12.2023 4:17,Ситников Митрофан Антонович,I2342540,4972 827346
S169,11:00,18.12.2023,15.12.2023 5:00,15.12.2023 5:50,Фадеев Даниил Кириллович,I2342541,4973 827346
F169,12:00,19.12.2023,16.12.2023 6:00,16.12.2023 6:00,Пономарёв Моисей Владленович,I2342542,4974 827346
B169,13:00,12.12.2023,17.12.2023 7:00,17.12.2023 7:34,Рыбаков Вячеслав Макарович,I2342543,4975 827346
Y169,14:00,13.12.2023,18.12.2023 8:00,18.12.2023 8:00,Носов Ярослав Антонович,I2342544,4976 827346
M169,15:00,14.12.2023,19.12.2023 9:00,19.12.2023 9:16,Данилов Прохор Дамирович,I2342545,4977 827346
L169,16:00,15.12.2023,11.12.2023 10:00,11.12.2023 10:22,Баранов Аристарх Лаврентьевич,I2342546,4978 827346
U170,17:00,16.12.2023,12.12.2023 2:00,12.12.2023 2:12,Медведев Матвей Альбертович,I2342547,4979 827346
W170,18:00,17.12.2023,13.12.2023 3:00,13.12.2023 3:53,Шубин Иван Пётрович,I2342548,4980 827346
A170,19:00,18.12.2023,14.12.2023 4:00,14.12.2023 4:17,Матвеев Вениамин Ефимович,I2342549,4981 827346
S170,20:00,19.12.2023,15.12.2023 5:00,15.12.2023 5:50,Филиппов Герман Агафонович,I2342550,4982 827346
F170,21:00,11.12.2023,16.12.2023 6:00,16.12.2023 6:00,Афанасьев Осип Егорович,I2342551,4983 827346
B170,22:00,12.12.2023,17.12.2023 7:00,17.12.2023 7:34,Красильников Дмитрий Филиппович,I2342552,4984 827346
Y170,23:00,13.12.2023,18.12.2023 8:00,18.12.2023 8:00,Гордеев Дмитрий Сергеевич,I2342553,4985 827346
M170,0:00,14.12.2023,19.12.2023 9:00,19.12.2023 9:16,Максимов Степан Евгеньевич,I2342554,4986 827346
L170,1:00,15.12.2023,11.12.2023 10:00,11.12.2023 10:22,Цветков Архип Глебович,I2342555,4987 827346
U171,2:00,16.12.2023,12.12.2023 2:00,12.12.2023 2:12,Савельев Никифор Робертович,I2342556,4988 827346
W171,3:00,17.12.2023,13.12.2023 3:00,13.12.2023 3:53,Иванов Клим Демьянович,I2342557,4989 827346
A171,4:00,18.12.2042,14.12.2023 4:00,14.12.2023 4:17,Носков Андрей Пётрович,I2342558,4990 827346
S171,5:00,19.12.2042,15.12.2023 5:00,15.12.2023 5:50,Зимин Панкрат Улебович,I2342559,4991 827346
F171,6:00,11.12.2023,16.12.2023 6:00,16.12.2023 6:00,Жданов Яков Якунович,I2342560,4992 827346
B171,7:00,12.12.2023,17.12.2023 7:00,17.12.2023 7:34,Марков Власий Альвианович,I2342561,4993 827346
Y171,8:00,13.12.2023,18.12.2023 8:00,18.12.2023 8:00,Орехов Фрол Пётрович,I2342562,4994 827346
M171,9:00,14.12.2023,19.12.2023 9:00,19.12.2023 9:16,Тетерин Эльдар Лукьевич,I2342563,4995 827346
L171,10:00,15.12.2023,11.12.2023 10:00,11.12.2023 10:22,Громов Матвей Тихонович,I2342564,4996 827346
U172,11:00,12.12.2023,12.12.2023 2:00,12.12.2023 2:12,Селиверстов Руслан Дмитрьевич,I2342565,4997 827346
W172,12:00,13.12.2023,13.12.2023 3:00,13.12.2023 3:53,Волков Захар Эдуардович,I2342566,4998 827346
A172,13:00,14.12.2023,14.12.2023 4:00,14.12.2023 4:17,Тимофеев Трофим Антонинович,I2342567,4999 827346
S172,14:00,15.12.2023,15.12.2023 5:00,15.12.2023 5:50,Виноградов Сергей Васильевич,I2342568,5000 827346
F172,15:00,16.12.2023,16.12.2023 6:00,16.12.2023 6:00,Родионов Устин Арсеньевич,I2342569,5001 827346
B172,16:00,17.12.2023,17.12.2023 7:00,17.12.2023 7:34,Павлов Ростислав Артемович,I2342570,5002 827346
Y172,17:00,18.12.2023,18.12.2023 8:00,18.12.2023 8:00,Муравьёв Марк Ярославович,I2342571,5003 827346
M172,18:00,19.12.2023,19.12.2023 9:00,19.12.2023 9:16,Журавлёв Вольдемар Вениаминович,I2342572,5004 827346
L172,19:00,12.12.2023,11.12.2023 10:00,11.12.2023 10:22,Авдеев Вилен Владиславович,I2342573,5005 827346
U173,20:00,13.12.2023,12.12.2023 2:00,12.12.2023 2:12,Никифоров Юлиан Еремеевич,I2342574,5006 827346
W173,21:00,14.12.2023,13.12.2023 3:00,13.12.2023 3:53,Белозёров Болеслав Лаврентьевич,I2342575,5007 827346
A173,22:00,15.12.2023,14.12.2023 4:00,14.12.2023 4:17,Богданов Иван Лаврентьевич,I2342576,5008 827346
S173,23:00,16.12.2023,15.12.2023 5:00,15.12.2023 5:50,Капустин Терентий Михайлович,I2342577,5009 827346
F173,0:00,17.12.2023,16.12.2023 6:00,16.12.2023 6:00,Гуляев Самуил Дмитриевич,I2342578,5010 827346
B173,1:00,18.12.2023,17.12.2023 7:00,17.12.2023 7:34,Елисеев Тихон Германнович,I2342579,5011 827346
Y173,2:00,19.12.2023,18.12.2023 8:00,18.12.2023 8:00,Иванов Натан Рудольфович,I2342580,5012 827346
M173,3:00,12.12.2023,19.12.2023 9:00,19.12.2023 9:16,Самсонов Флор Яковлевич,I2342581,5013 827346
L173,4:00,13.12.2023,11.12.2023 10:00,11.12.2023 10:22,Герасимов Иннокентий Еремеевич,I2342582,5014 827346
U174,5:00,14.12.2023,12.12.2023 2:00,12.12.2023 2:12,Евсеев Захар Антонович,I2342583,5015 827346
W174,6:00,15.12.2023,13.12.2023 3:00,13.12.2023 3:53,Фёдоров Карл Куприянович,I2342584,5016 827346
A174,7:00,16.12.2023,14.12.2023 4:00,14.12.2023 4:17,Жуков Юлиан Антонинович,I2342585,5017 827346
S174,8:00,17.12.2023,15.12.2023 5:00,15.12.2023 5:50,Осипов Азарий Лукьевич,I2342586,5018 827346
F174,9:00,18.12.2023,16.12.2023 6:00,16.12.2023 6:00,Корнилов Авраам Богданович,I2342587,5019 827346
B174,10:00,19.12.2023,17.12.2023 7:00,17.12.2023 7:34,Фролов Мирослав Улебович,I2342588,5020 827346
Y174,11:00,12.12.2023,18.12.2023 8:00,18.12.2023 8:00,Рябов Абрам Геласьевич,I2342589,5021 827346
M174,12:00,13.12.2023,19.12.2023 9:00,19.12.2023 9:16,Дементьев Аввакум Федосеевич,I2342590,5022 827346
L174,13:00,14.12.2023,11.12.2023 10:00,11.12.2023 10:22,Кононов Аристарх Яковлевич,I2342591,5023 827346
U175,14:00,15.12.2023,12.12.2023 2:00,12.12.2023 2:12,Власов Валентин Донатович,I2342592,5024 827346
W175,15:00,16.12.2023,13.12.2023 3:00,13.12.2023 3:53,Кузнецов Ибрагил Дамирович,I2342593,5025 827346
A175,16:00,17.12.2023,14.12.2023 4:00,14.12.2023 4:17,Соболев Корней Аркадьевич,I2342594,5026 827346
S175,17:00,18.12.2023,15.12.2023 5:00,15.12.2023 5:50,Юдин Максимилиан Аркадьевич,I2342595,5027 827346
F175,18:00,19.12.2023,16.12.2023 6:00,16.12.2023 6:00,Лыткин Виктор Витальевич,I2342596,5028 827346
B175,19:00,12.12.2023,17.12.2023 7:00,17.12.2023 7:34,Туров Георгий Вениаминович,I2342597,5029 827346
Y175,20:00,13.12.2023,18.12.2023 8:00,18.12.2023 8:00,Гордеев Парамон Яковлевич,I2342598,5030 827346
M175,21:00,14.12.2023,19.12.2023 9:00,19.12.2023 9:16,Пономарёв Евдоким Даниилович,I2342599,5031 827346
L175,22:00,15.12.2023,11.12.2023 10:00,11.12.2023 10:22,Пономарёв Исак Егорович,I2342600,5032 827346
U176,23:00,16.12.2023,12.12.2023 2:00,12.12.2023 2:12,Белоусов Ипполит Лаврентьевич,I2342601,5033 827346
W176,0:00,17.12.2023,13.12.2023 3:00,13.12.2023 3:53,Белоусов Осип Всеволодович,I2342602,5034 827346
A176,1:00,18.12.2023,14.12.2023 4:00,14.12.2023 4:17,Голубев Аристарх Вениаминович,I2342603,5035 827346
S176,2:00,19.12.2023,15.12.2023 5:00,15.12.2023 5:50,Шашков Рудольф Григорьевич,I2342604,5036 827346
F176,3:00,12.12.2023,16.12.2023 6:00,16.12.2023 6:00,Мясников Аввакуум Парфеньевич,I2342605,5037 827346
B176,4:00,13.12.2023,17.12.2023 7:00,17.12.2023 7:34,Сорокин Корней Даниилович,I2342606,5038 827346
Y176,5:00,14.12.2023,18.12.2023 8:00,18.12.2023 8:00,Овчинников Егор Глебович,I2342607,5039 827346
M176,6:00,15.12.2023,19.12.2023 9:00,19.12.2023 9:16,Соловьёв Глеб Арсеньевич,I2342608,5040 827346
L176,7:00,16.12.2023,11.12.2023 10:00,11.12.2023 10:22,Романов Алексей Яковович,I2342609,5041 827346
U177,8:00,17.12.2023,12.12.2023 2:00,12.12.2023 2:12,Михеев Егор Анатольевич,I2342610,5042 827346
W177,9:00,18.12.2023,13.12.2023 3:00,13.12.2023 3:53,Филатов Леонард Павлович,I2342611,5043 827346
A177,10:00,19.12.2023,14.12.2023 4:00,14.12.2023 4:17,Крылов Даниил Аристархович,I2342612,5044 827346
S177,11:00,12.12.2023,15.12.2023 5:00,15.12.2023 5:50,Юдин Панкрат Павлович,I2342613,5045 827346
F177,12:00,13.12.2023,16.12.2023 6:00,16.12.2023 6:00,Дьячков Максим Михаилович,I2342614,5046 827346
B177,13:00,14.12.2023,17.12.2023 7:00,17.12.2023 7:34,Мышкин Аскольд Ефимович,I2342615,5047 827346
Y177,14:00,15.12.2023,18.12.2023 8:00,18.12.2023 8:00,Третьяков Август Ростиславович,I2342616,5048 827346
M177,15:00,16.12.2023,19.12.2023 9:00,19.12.2023 9:16,Калашников Юрий Мэлорович,I2342617,5049 827346
L177,16:00,17.12.2023,11.12.2023 10:00,11.12.2023 10:22,Пономарёв Афанасий Игоревич,I2342618,5050 827346
U178,17:00,18.12.2023,12.12.2023 2:00,12.12.2023 2:12,Орлов Лукьян Германнович,I2342619,5051 827346
W178,18:00,19.12.2023,13.12.2023 3:00,13.12.2023 3:53,Кузьмин Нелли Русланович,I2342620,5052 827346
A178,19:00,12.12.2023,14.12.2023 4:00,14.12.2023 4:17,Жданов Матвей Наумович,I2342621,5053 827346
S178,20:00,13.12.2023,15.12.2023 5:00,15.12.2023 5:50,Абрамов Бенедикт Проклович,I2342622,5054 827346
F178,21:00,14.12.2023,16.12.2023 6:00,16.12.2023 6:00,Горшков Аскольд Еремеевич,I2342623,5055 827346
B178,22:00,15.12.2023,17.12.2023 7:00,17.12.2023 7:34,Семёнов Лев Николаевич,I2342624,5056 827346
Y178,23:00,16.12.2023,18.12.2023 8:00,18.12.2023 8:00,Овчинников Адам Вадимович,I2342625,5057 827346
M178,0:00,17.12.2023,19.12.2023 9:00,19.12.2023 9:16,Гурьев Виталий Вячеславович,I2342626,5058 827346
L178,1:00,18.12.2023,11.12.2023 10:00,11.12.2023 10:22,Беляков Велорий Донатович,I2342627,5059 827346
U179,2:00,19.12.2023,12.12.2023 2:00,12.12.2023 2:12,Хохлов Макар Серапионович,I2342628,5060 827346
W179,3:00,12.12.2023,13.12.2023 3:00,13.12.2023 3:53,Зыков Артур Тарасович,I2342629,5061 827346
A179,4:00,13.12.2023,14.12.2023 4:00,14.12.2023 4:17,Денисов Семен Миронович,I2342630,5062 827346
S179,5:00,14.12.2023,15.12.2023 5:00,15.12.2023 5:50,Королёв Донат Пантелеймонович,I2342631,5063 827346
F179,6:00,15.12.2023,16.12.2023 6:00,16.12.2023 6:00,Аксёнов Юстин Юлианович,I2342632,5064 827346
B179,7:00,16.12.2023,17.12.2023 7:00,17.12.2023 7:34,Максимов Елисей Якунович,I2342633,5065 827346
Y179,8:00,17.12.2023,18.12.2023 8:00,18.12.2023 8:00,Кулагин Тимофей Даниилович,I2342634,5066 827346
M179,9:00,18.12.2023,19.12.2023 9:00,19.12.2023 9:16,Лазарев Дмитрий Агафонович,I2342635,5067 827346
L179,10:00,19.12.2023,11.12.2023 10:00,11.12.2023 10:22,Баранов Гордей Владимирович,I2342636,5068 827346
U180,11:00,12.12.2023,12.12.2023 2:00,12.12.2023 2:12,Филатов Панкратий Александрович,I2342637,5069 827346
W180,12:00,13.12.2023,13.12.2023 3:00,13.12.2023 3:53,Ларионов Руслан Олегович,I2342638,5070 827346
A180,13:00,14.12.2023,14.12.2023 4:00,14.12.2023 4:17,Савин Май Альвианович,I2342639,5071 827346
S180,14:00,15.12.2023,15.12.2023 5:00,15.12.2023 5:50,Баранов Илья Антонович,I2342640,5072 827346
F180,15:00,16.12.2023,16.12.2023 6:00,16.12.2023 6:00,Белов Касьян Васильевич,I2342641,5073 827346
B180,16:00,17.12.2023,17.12.2023 7:00,17.12.2023 7:34,Артемьев Тимур Робертович,I2342642,5074 827346
Y180,17:00,18.12.2023,18.12.2023 8:00,18.12.2023 8:00,Назаров Кондратий Еремеевич,I2342643,5075 827346
M180,18:00,19.12.2023,19.12.2023 9:00,19.12.2023 9:16,Мясников Бенедикт Максович,I2342644,5076 827346
L180,19:00,12.12.2023,11.12.2023 10:00,11.12.2023 10:22,Константинов Петр Богданович,I2342645,5077 827346
U181,20:00,13.12.2023,12.12.2023 2:00,12.12.2023 2:12,Горбунов Нисон Федотович,I2342646,5078 827346
W181,21:00,14.12.2023,13.12.2023 3:00,13.12.2023 3:53,Куликов Никифор Львович,I2342647,5079 827346
A181,22:00,15.12.2023,14.12.2023 4:00,14.12.2023 4:17,Цветков Кирилл Михаилович,I2342648,5080 827346
S181,23:00,16.12.2023,15.12.2023 5:00,15.12.2023 5:50,Борисов Мирон Антонович,I2342649,5081 827346
F181,0:00,17.12.2023,16.12.2023 6:00,16.12.2023 6:00,Орлов Алексей Митрофанович,I2342650,5082 827346
B181,1:00,18.12.2023,17.12.2023 7:00,17.12.2023 7:34,Авдеев Дмитрий Мартынович,I2342651,5083 827346
Y181,2:00,19.12.2023,18.12.2023 8:00,18.12.2023 8:00,Калашников Герман Пантелеймонович,I2342652,5084 827346
M181,3:00,12.12.2023,19.12.2023 9:00,19.12.2023 9:16,Бобылёв Матвей Ефимович,I2342653,5085 827346
L181,4:00,13.12.2023,11.12.2023 10:00,11.12.2023 10:22,Павлов Власий Геласьевич,I2342654,5086 827346
U182,5:00,14.12.2023,12.12.2023 2:00,12.12.2023 2:12,Бирюков Зиновий Станиславович,I2342655,5087 827346
W182,6:00,15.12.2023,13.12.2023 3:00,13.12.2023 3:53,Громов Кирилл Валентинович,I2342656,5088 827346
A182,7:00,16.12.2023,14.12.2023 4:00,14.12.2023 4:17,Белозёров Афанасий Олегович,I2342657,5089 827346
S182,8:00,17.12.2023,15.12.2023 5:00,15.12.2023 5:50,Жуков Арсен Агафонович,I2342658,5090 827346
F182,9:00,18.12.2023,16.12.2023 6:00,16.12.2023 6:00,Цветков Даниил Дамирович,I2342659,5091 827346
B182,10:00,19.12.2023,17.12.2023 7:00,17.12.2023 7:34,Михеев Всеволод Макарович,I2342660,5092 827346
Y182,11:00,12.12.2023,18.12.2023 8:00,18.12.2023 8:00,Горшков Кондрат Германович,I2342661,5093 827346
M182,12:00,13.12.2023,19.12.2023 9:00,19.12.2023 9:16,Некрасов Оскар Валентинович,I2342662,5094 827346
L182,13:00,14.12.2023,11.12.2023 10:00,11.12.2023 10:22,Колесников Роман Михайлович,I2342663,5095 827346
U183,14:00,15.12.2023,12.12.2023 2:00,12.12.2023 2:12,Устинов Терентий Эльдарович,I2342664,5096 827346
W183,15:00,16.12.2023,13.12.2023 3:00,13.12.2023 3:53,Лыткин Кондрат Иванович,I2342665,5097 827346
A183,16:00,17.12.2023,14.12.2023 4:00,14.12.2023 4:17,Лобанов Арнольд Максимович,I2342666,5098 827346
S183,17:00,18.12.2023,15.12.2023 5:00,15.12.2023 5:50,Поляков Ипполит Федорович,I2342667,5099 827346
F183,18:00,19.12.2023,16.12.2023 6:00,16.12.2023 6:00,Буров Моисей Созонович,I2342668,5100 827346
B183,19:00,12.12.2023,17.12.2023 7:00,17.12.2023 7:34,Уваров Варлаам Авдеевич,I2342669,5101 827346
Y183,20:00,13.12.2023,18.12.2023 8:00,18.12.2023 8:00,Сысоев Рубен Аристархович,I2342670,5102 827346
M183,21:00,14.12.2023,19.12.2023 9:00,19.12.2023 9:16,Терентьев Зиновий Натанович,I2342671,5103 827346
L183,22:00,15.12.2023,11.12.2023 10:00,11.12.2023 10:22,Калашников Григорий Тихонович,I2342672,5104 827346
U184,23:00,16.12.2023,12.12.2023 2:00,12.12.2023 2:12,Кириллов Велорий Глебович,I2342673,5105 827346
W184,0:00,17.12.2023,13.12.2023 3:00,13.12.2023 3:53,Попов Устин Анатольевич,I2342674,5106 827346
A184,1:00,18.12.2023,14.12.2023 4:00,14.12.2023 4:17,Филатов Осип Мэлорович,I2342675,5107 827346
S184,2:00,19.12.2023,15.12.2023 5:00,15.12.2023 5:50,Рогов Леонтий Ярославович,I2342676,5108 827346
F184,3:00,12.12.2023,16.12.2023 6:00,16.12.2023 6:00,Рябов Михаил Петрович,I2342677,5109 827346
B184,4:00,13.12.2023,17.12.2023 7:00,17.12.2023 7:34,Смирнов Абрам Еремеевич,I2342678,5110 827346
Y184,5:00,14.12.2023,18.12.2023 8:00,18.12.2023 8:00,Беляев Ростислав Ильяович,I2342679,5111 827346
M184,6:00,15.12.2023,19.12.2023 9:00,19.12.2023 9:16,Калашников Ибрагил Оскарович,I2342680,5112 827346
L184,7:00,16.12.2023,11.12.2023 10:00,11.12.2023 10:22,Афанасьев Илья Демьянович,I2342681,5113 827346
U185,8:00,17.12.2023,12.12.2023 2:00,12.12.2023 2:12,Горбачёв Остап Игоревич,I2342682,5114 827346
W185,9:00,18.12.2023,13.12.2023 3:00,13.12.2023 3:53,Большаков Орест Платонович,I2342683,5115 827346
A185,10:00,19.12.2023,14.12.2023 4:00,14.12.2023 4:17,Самсонов Лукьян Фролович,I2342684,5116 827346
S185,11:00,12.12.2023,15.12.2023 5:00,15.12.2023 5:50,Кондратьев Казимир Степанович,I2342685,5117 827346
F185,12:00,13.12.2023,16.12.2023 6:00,16.12.2023 6:00,Михеев Осип Демьянович,I2342686,5118 827346
B185,13:00,14.12.2023,17.12.2023 7:00,17.12.2023 7:34,Дроздов Ростислав Романович,I2342687,5119 827346
Y185,14:00,15.12.2023,18.12.2023 8:00,18.12.2023 8:00,Логинов Мечеслав Игнатьевич,I2342688,5120 827346
M185,15:00,16.12.2023,19.12.2023 9:00,19.12.2023 9:16,Кононов Яков Семёнович,I2342689,5121 827346
L185,16:00,17.12.2023,11.12.2023 10:00,11.12.2023 10:22,Захаров Ираклий Ярославович,I2342690,5122 827346
U186,17:00,18.12.2023,12.12.2023 2:00,12.12.2023 2:12,Юдин Архип Мэлсович,I2342691,5123 827346
W186,18:00,19.12.2023,13.12.2023 3:00,13.12.2023 3:53,Цветков Вениамин Эдуардович,I2342692,5124 827346
A186,19:00,11.12.2023,14.12.2023 4:00,14.12.2023 4:17,Субботин Ипполит Федотович,I2342693,5125 827346
S186,20:00,12.12.2023,15.12.2023 5:00,15.12.2023 5:50,Сорокин Назарий Валерьянович,I2342694,5126 827346
F186,21:00,13.12.2023,16.12.2023 6:00,16.12.2023 6:00,Кононов Эрнест Леонидович,I2342695,5127 827346
B186,22:00,14.12.2023,17.12.2023 7:00,17.12.2023 7:34,Гусев Любомир Протасьевич,I2342696,5128 827346
Y186,23:00,15.12.2023,18.12.2023 8:00,18.12.2023 8:00,Калашников Гаянэ Викторович,I2342697,5129 827346
M186,0:00,16.12.2023,19.12.2023 9:00,19.12.2023 9:16,Ширяев Артур Антонович,I2342698,5130 827346
L186,1:00,17.12.2023,11.12.2023 10:00,11.12.2023 10:22,Гуляев Аверкий Митрофанович,I2342699,5131 827346
U187,2:00,18.12.2042,12.12.2023 2:00,12.12.2023 2:12,Тимофеев Афанасий Олегович,I2342700,5132 827346
W187,3:00,19.12.2042,13.12.2023 3:00,13.12.2023 3:53,Панфилов Даниил Рубенович,I2342701,5133 827346
A187,4:00,11.12.2023,14.12.2023 4:00,14.12.2023 4:17,Исаев Самуил Артёмович,I2342702,5134 827346
S187,5:00,12.12.2023,15.12.2023 5:00,15.12.2023 5:50,Уваров Анатолий Антонович,I2342703,5135 827346
F187,6:00,13.12.2023,16.12.2023 6:00,16.12.2023 6:00,Комаров Глеб Борисович,I2342704,5136 827346
B187,7:00,14.12.2023,17.12.2023 7:00,17.12.2023 7:34,Лобанов Фрол Геннадьевич,I2342705,5137 827346
Y187,8:00,15.12.2023,18.12.2023 8:00,18.12.2023 8:00,Селезнёв Ермак Федотович,I2342706,5138 827346
M187,9:00,12.12.2023,19.12.2023 9:00,19.12.2023 9:16,Комаров Мартин Егорович,I2342707,5139 827346
L187,10:00,13.12.2023,11.12.2023 10:00,11.12.2023 10:22,Шилов Авраам Лаврентьевич,I2342708,5140 827346
U188,11:00,14.12.2023,12.12.2023 2:00,12.12.2023 2:12,Поляков Давид Мэлсович,I2342709,5141 827346
W188,12:00,15.12.2023,13.12.2023 3:00,13.12.2023 3:53,Абрамов Нинель Евгеньевич,I2342710,5142 827346
A188,13:00,16.12.2023,14.12.2023 4:00,14.12.2023 4:17,Бобров Валентин Рубенович,I2342711,5143 827346
S188,14:00,17.12.2023,15.12.2023 5:00,15.12.2023 5:50,Абрамов Петр Кимович,I2342712,5144 827346
F188,15:00,18.12.2023,16.12.2023 6:00,16.12.2023 6:00,Кондратьев Корней Пётрович,I2342713,5145 827346
B188,16:00,19.12.2023,17.12.2023 7:00,17.12.2023 7:34,Веселов Феликс Гордеевич,I2342714,5146 827346
Y188,17:00,12.12.2023,18.12.2023 8:00,18.12.2023 8:00,Борисов Архип Борисович,I2342715,5147 827346
M188,18:00,13.12.2023,19.12.2023 9:00,19.12.2023 9:16,Власов Феликс Леонидович,I2342716,5148 827346
L188,19:00,14.12.2023,11.12.2023 10:00,11.12.2023 10:22,Меркушев Вилен Кириллович,I2342717,5149 827346
U189,20:00,15.12.2023,12.12.2023 2:00,12.12.2023 2:12,Корнилов Богдан Пантелеймонович,I2342718,5150 827346
W189,21:00,16.12.2023,13.12.2023 3:00,13.12.2023 3:53,Козлов Казимир Геннадиевич,I2342719,5151 827346
A189,22:00,17.12.2023,14.12.2023 4:00,14.12.2023 4:17,Кулагин Варлам Максович,I2342720,5152 827346
S189,23:00,18.12.2023,15.12.2023 5:00,15.12.2023 5:50,Никифоров Терентий Геннадиевич,I2342721,5153 827346
F189,0:00,19.12.2023,16.12.2023 6:00,16.12.2023 6:00,Прохоров Тимофей Тарасович,I2342722,5154 827346
B189,1:00,12.12.2023,17.12.2023 7:00,17.12.2023 7:34,Захаров Корнелий Алексеевич,I2342723,5155 827346
Y189,2:00,13.12.2023,18.12.2023 8:00,18.12.2023 8:00,Носков Степан Мэлсович,I2342724,5156 827346
M189,3:00,14.12.2023,19.12.2023 9:00,19.12.2023 9:16,Брагин Климент Викторович,I2342725,5157 827346
L189,4:00,15.12.2023,11.12.2023 10:00,11.12.2023 10:22,Николаев Панкратий Семёнович,I2342726,5158 827346
U190,5:00,16.12.2023,12.12.2023 2:00,12.12.2023 2:12,Ермаков Устин Валерьевич,I2342727,5159 827346
W190,6:00,17.12.2023,13.12.2023 3:00,13.12.2023 3:53,Аксёнов Станислав Агафонович,I2342728,5160 827346
A190,7:00,18.12.2023,14.12.2023 4:00,14.12.2023 4:17,Фомин Леонтий Ильяович,I2342729,5161 827346
S190,8:00,19.12.2023,15.12.2023 5:00,15.12.2023 5:50,Ковалёв Антон Андреевич,I2342730,5162 827346
F190,9:00,12.12.2023,16.12.2023 6:00,16.12.2023 6:00,Дмитриев Архип Юлианович,I2342731,5163 827346
B190,10:00,13.12.2023,17.12.2023 7:00,17.12.2023 7:34,Дроздов Владлен Святославович,I2342732,5164 827346
Y190,11:00,14.12.2023,18.12.2023 8:00,18.12.2023 8:00,Горшков Лев Тимурович,I2342733,5165 827346
M190,12:00,15.12.2023,19.12.2023 9:00,19.12.2023 9:16,Носов Флор Михайлович,I2342734,5166 827346
L190,13:00,16.12.2023,11.12.2023 10:00,11.12.2023 10:22,Блохин Ян Оскарович,I2342735,5167 827346
U191,14:00,17.12.2023,12.12.2023 2:00,12.12.2023 2:12,Тимофеев Роман Вениаминович,I2342736,5168 827346
W191,15:00,18.12.2023,13.12.2023 3:00,13.12.2023 3:53,Алексеев Филипп Дмитрьевич,I2342737,5169 827346
A191,16:00,19.12.2023,14.12.2023 4:00,14.12.2023 4:17,Князев Гаянэ Семенович,I2342738,5170 827346
S191,17:00,12.12.2023,15.12.2023 5:00,15.12.2023 5:50,Кулаков Демьян Семёнович,I2342739,5171 827346
F191,18:00,13.12.2023,16.12.2023 6:00,16.12.2023 6:00,Носков Егор Глебович,I2342740,5172 827346
B191,19:00,14.12.2023,17.12.2023 7:00,17.12.2023 7:34,Кудряшов Юрий Борисович,I2342741,5173 827346
Y191,20:00,15.12.2023,18.12.2023 8:00,18.12.2023 8:00,Громов Клемент Никитевич,I2342742,5174 827346
M191,21:00,16.12.2023,19.12.2023 9:00,19.12.2023 9:16,Жуков Любовь Мэлсович,I2342743,5175 827346
L191,22:00,17.12.2023,11.12.2023 10:00,11.12.2023 10:22,Шаров Лавр Тимофеевич,I2342744,5176 827346
U192,23:00,18.12.2023,12.12.2023 2:00,12.12.2023 2:12,Петров Гавриил Мэлсович,I2342745,5177 827346
W192,0:00,19.12.2023,13.12.2023 3:00,13.12.2023 3:53,Гришин Аким Петрович,I2342746,5178 827346
A192,1:00,12.12.2023,14.12.2023 4:00,14.12.2023 4:17,Самсонов Семен Мэлорович,I2342747,5179 827346
S192,2:00,13.12.2023,15.12.2023 5:00,15.12.2023 5:50,Моисеев Евгений Еремеевич,I2342748,5180 827346
F192,3:00,14.12.2023,16.12.2023 6:00,16.12.2023 6:00,Калашников Венедикт Рубенович,I2342749,5181 827346
B192,4:00,15.12.2023,17.12.2023 7:00,17.12.2023 7:34,Евсеев Бенедикт Агафонович,I2342750,5182 827346
Y192,5:00,16.12.2023,18.12.2023 8:00,18.12.2023 8:00,Кулаков Святослав Созонович,I2342751,5183 827346
M192,6:00,17.12.2023,19.12.2023 9:00,19.12.2023 9:16,Буров Ермолай Аркадьевич,I2342752,5184 827346
L192,7:00,18.12.2023,11.12.2023 10:00,11.12.2023 10:22,Казаков Аверкий Максович,I2342753,5185 827346
U193,8:00,19.12.2023,12.12.2023 2:00,12.12.2023 2:12,Голубев Лукьян Михаилович,I2342754,5186 827346
W193,9:00,12.12.2023,13.12.2023 3:00,13.12.2023 3:53,Маслов Николай Федосеевич,I2342755,5187 827346
A193,10:00,13.12.2023,14.12.2023 4:00,14.12.2023 4:17,Архипов Аркадий Евгеньевич,I2342756,5188 827346
S193,11:00,14.12.2023,15.12.2023 5:00,15.12.2023 5:50,Савин Вячеслав Адольфович,I2342757,5189 827346
F193,12:00,15.12.2023,16.12.2023 6:00,16.12.2023 6:00,Кулаков Рубен Созонович,I2342758,5190 827346
B193,13:00,16.12.2023,17.12.2023 7:00,17.12.2023 7:34,Чернов Климент Мэлорович,I2342759,5191 827346
Y193,14:00,17.12.2023,18.12.2023 8:00,18.12.2023 8:00,Захаров Соломон Проклович,I2342760,5192 827346
M193,15:00,18.12.2023,19.12.2023 9:00,19.12.2023 9:16,Кононов Савелий Валерьянович,I2342761,5193 827346
L193,16:00,19.12.2023,11.12.2023 10:00,11.12.2023 10:22,Коновалов Исаак Семёнович,I2342762,5194 827346
U194,17:00,12.12.2023,12.12.2023 2:00,12.12.2023 2:12,Евсеев Степан Якунович,I2342763,5195 827346
W194,18:00,13.12.2023,13.12.2023 3:00,13.12.2023 3:53,Лобанов Платон Романович,I2342764,5196 827346
A194,19:00,14.12.2023,14.12.2023 4:00,14.12.2023 4:17,Лукин Алексей Григорьевич,I2342765,5197 827346
S194,20:00,15.12.2023,15.12.2023 5:00,15.12.2023 5:50,Журавлёв Варлам Федотович,I2342766,5198 827346
F194,21:00,16.12.2023,16.12.2023 6:00,16.12.2023 6:00,Доронин Арнольд Федорович,I2342767,5199 827346
B194,22:00,17.12.2023,17.12.2023 7:00,17.12.2023 7:34,Абрамов Аркадий Мэлсович,I2342768,5200 827346
Y194,23:00,18.12.2023,18.12.2023 8:00,18.12.2023 8:00,Панфилов Виталий Юлианович,I2342769,5201 827346
M194,0:00,19.12.2023,19.12.2023 9:00,19.12.2023 9:16,Веселов Филипп Тарасович,I2342770,5202 827346
L194,1:00,12.12.2023,11.12.2023 10:00,11.12.2023 10:22,Исаев Панкратий Глебович,I2342771,5203 827346
U195,2:00,13.12.2023,12.12.2023 2:00,12.12.2023 2:12,Родионов Савелий Вениаминович,I2342772,5204 827346
W195,3:00,14.12.2023,13.12.2023 3:00,13.12.2023 3:53,Лихачёв Мартин Алексеевич,I2342773,5205 827346
A195,4:00,15.12.2023,14.12.2023 4:00,14.12.2023 4:17,Ильин Зиновий Юлианович,I2342774,5206 827346
S195,5:00,16.12.2023,15.12.2023 5:00,15.12.2023 5:50,Фадеев Ермолай Германович,I2342775,5207 827346
F195,6:00,17.12.2023,16.12.2023 6:00,16.12.2023 6:00,Ершов Ефрем Филатович,I2342776,5208 827346
B195,7:00,18.12.2023,17.12.2023 7:00,17.12.2023 7:34,Некрасов Никифор Михайлович,I2342777,5209 827346
Y195,8:00,19.12.2023,18.12.2023 8:00,18.12.2023 8:00,Афанасьев Гордей Кириллович,I2342778,5210 827346
M195,9:00,12.12.2023,19.12.2023 9:00,19.12.2023 9:16,Шилов Карл Станиславович,I2342779,5211 827346
L195,10:00,13.12.2023,11.12.2023 10:00,11.12.2023 10:22,Куликов Прохор Тарасович,I2342780,5212 827346
U196,11:00,14.12.2023,12.12.2023 2:00,12.12.2023 2:12,Горбунов Панкрат Серапионович,I2342781,5213 827346
W196,12:00,15.12.2023,13.12.2023 3:00,13.12.2023 3:53,Фадеев Мирослав Михайлович,I2342782,5214 827346
A196,13:00,16.12.2023,14.12.2023 4:00,14.12.2023 4:17,Васильев Исаак Павлович,I2342783,5215 827346
S196,14:00,17.12.2023,15.12.2023 5:00,15.12.2023 5:50,Баранов Демьян Парфеньевич,I2342784,5216 827346
F196,15:00,18.12.2023,16.12.2023 6:00,16.12.2023 6:00,Тарасов Мартын Дамирович,I2342785,5217 827346
B196,16:00,19.12.2023,17.12.2023 7:00,17.12.2023 7:34,Королёв Мартин Львович,I2342786,5218 827346
Y196,17:00,12.12.2023,18.12.2023 8:00,18.12.2023 8:00,Лаврентьев Юстин Робертович,I2342787,5219 827346
M196,18:00,13.12.2023,19.12.2023 9:00,19.12.2023 9:16,Овчинников Август Тихонович,I2342788,5220 827346
L196,19:00,14.12.2023,11.12.2023 10:00,11.12.2023 10:22,Лаврентьев Май Аркадьевич,I2342789,5221 827346
U197,20:00,15.12.2023,12.12.2023 2:00,12.12.2023 2:12,Матвеев Иннокентий Платонович,I2342790,5222 827346
W197,21:00,16.12.2023,13.12.2023 3:00,13.12.2023 3:53,Васильев Нисон Глебович,I2342791,5223 827346
A197,22:00,17.12.2023,14.12.2023 4:00,14.12.2023 4:17,Дьячков Владимир Феликсович,I2342792,5224 827346
S197,23:00,18.12.2023,15.12.2023 5:00,15.12.2023 5:50,Бобров Аскольд Агафонович,I2342793,5225 827346
F197,0:00,19.12.2023,16.12.2023 6:00,16.12.2023 6:00,Селиверстов Гордий Владимирович,I2342794,5226 827346
B197,1:00,12.12.2023,17.12.2023 7:00,17.12.2023 7:34,Лихачёв Касьян Львович,I2342795,5227 827346
Y197,2:00,13.12.2023,18.12.2023 8:00,18.12.2023 8:00,Волков Арсен Феликсович,I2342796,5228 827346
M197,3:00,14.12.2023,19.12.2023 9:00,19.12.2023 9:16,Григорьев Денис Никитевич,I2342797,5229 827346
L197,4:00,15.12.2023,11.12.2023 10:00,11.12.2023 10:22,Ситников Любовь Даниилович,I2342798,5230 827346
U198,5:00,16.12.2023,12.12.2023 2:00,12.12.2023 2:12,Блинов Альберт Олегович,I2342799,5231 827346
W198,6:00,17.12.2023,13.12.2023 3:00,13.12.2023 3:53,Коновалов Альфред Демьянович,I2342800,5232 827346
A198,7:00,18.12.2023,14.12.2023 4:00,14.12.2023 4:17,Крюков Клим Леонидович,I2342801,5233 827346
S198,8:00,19.12.2023,15.12.2023 5:00,15.12.2023 5:50,Панов Фрол Олегович,I2342802,5234 827346
F198,9:00,12.12.2023,16.12.2023 6:00,16.12.2023 6:00,Аксёнов Мстислав Филатович,I2342803,5235 827346
B198,10:00,13.12.2023,17.12.2023 7:00,17.12.2023 7:34,Попов Агафон Лаврентьевич,I2342804,5236 827346
Y198,11:00,14.12.2023,18.12.2023 8:00,18.12.2023 8:00,Федотов Вилли Константинович,I2342805,5237 827346
M198,12:00,15.12.2023,19.12.2023 9:00,19.12.2023 9:16,Козлов Константин Мэлорович,I2342806,5238 827346
L198,13:00,16.12.2023,11.12.2023 10:00,11.12.2023 10:22,Зыков Семен Авксентьевич,I2342807,5239 827346
U199,14:00,17.12.2023,12.12.2023 2:00,12.12.2023 2:12,Петухов Аркадий Лукьевич,I2342808,5240 827346
W199,15:00,18.12.2023,13.12.2023 3:00,13.12.2023 3:53,Тарасов Игорь Якунович,I2342809,5241 827346
A199,16:00,19.12.2023,14.12.2023 4:00,14.12.2023 4:17,Шашков Ефим Геннадиевич,I2342810,5242 827346
S199,17:00,12.12.2023,15.12.2023 5:00,15.12.2023 5:50,Голубев Панкратий Пётрович,I2342811,5243 827346
F199,18:00,13.12.2023,16.12.2023 6:00,16.12.2023 6:00,Пестов Гордий Наумович,I2342812,5244 827346
B199,19:00,14.12.2023,17.12.2023 7:00,17.12.2023 7:34,Доронин Ермолай Натанович,I2342813,5245 827346
Y199,20:00,15.12.2023,18.12.2023 8:00,18.12.2023 8:00,Рыбаков Андрей Романович,I2342814,5246 827346
M199,21:00,16.12.2023,19.12.2023 9:00,19.12.2023 9:16,Ефимов Парамон Лукьянович,I2342815,5247 827346
L199,22:00,17.12.2023,11.12.2023 10:00,11.12.2023 10:22,Орехов Ефрем Филиппович,I2342816,5248 827346
U200,23:00,18.12.2023,12.12.2023 2:00,12.12.2023 2:12,Григорьев Феликс Геннадиевич,I2342817,5249 827346
W200,0:00,19.12.2023,13.12.2023 3:00,13.12.2023 3:53,Колесников Людвиг Христофорович,I2342818,5250 827346
A200,1:00,12.12.2023,14.12.2023 4:00,14.12.2023 4:17,Смирнов Панкрат Русланович,I2342819,5251 827346
S200,2:00,13.12.2023,15.12.2023 5:00,15.12.2023 5:50,Михайлов Андрей Ильяович,I2342820,5252 827346
F200,3:00,14.12.2023,16.12.2023 6:00,16.12.2023 6:00,Ларионов Руслан Аристархович,I2342821,5253 827346
B200,4:00,15.12.2023,17.12.2023 7:00,17.12.2023 7:34,Сидоров Терентий Евгеньевич,I2342822,5254 827346
Y200,5:00,16.12.2023,18.12.2023 8:00,18.12.2023 8:00,Гущин Людвиг Владленович,I2342823,5255 827346
M200,6:00,17.12.2023,19.12.2023 9:00,19.12.2023 9:16,Александров Климент Робертович,I2342824,5256 827346
L200,7:00,18.12.2023,11.12.2023 10:00,11.12.2023 10:22,Шарапов Фрол Тарасович,I2342825,5257 827346
U201,8:00,19.12.2023,12.12.2023 2:00,12.12.2023 2:12,Шашков Аввакуум Федотович,I2342826,5258 827346
W201,9:00,12.12.2023,13.12.2023 3:00,13.12.2023 3:53,Корнилов Захар Демьянович,I2342827,5259 827346
A201,10:00,13.12.2023,14.12.2023 4:00,14.12.2023 4:17,Мясников Пантелеймон Эльдарович,I2342828,5260 827346
S201,11:00,14.12.2023,15.12.2023 5:00,15.12.2023 5:50,Тарасов Пантелей Донатович,I2342829,5261 827346
F201,12:00,15.12.2023,16.12.2023 6:00,16.12.2023 6:00,Русаков Эдуард Гордеевич,I2342830,5262 827346
B201,13:00,16.12.2023,17.12.2023 7:00,17.12.2023 7:34,Голубев Дмитрий Филиппович,I2342831,5263 827346
Y201,14:00,17.12.2023,18.12.2023 8:00,18.12.2023 8:00,Власов Евдоким Кириллович,I2342832,5264 827346
M201,15:00,18.12.2023,19.12.2023 9:00,19.12.2023 9:16,Ларионов Любомир Валерьевич,I2342833,5265 827346
L201,16:00,19.12.2023,11.12.2023 10:00,11.12.2023 10:22,Андреев Ефрем Геласьевич,I2342834,5266 827346
U202,17:00,11.12.2023,12.12.2023 2:00,12.12.2023 2:12,Лукин Авраам Федорович,I2342835,5267 827346
W202,18:00,12.12.2023,13.12.2023 3:00,13.12.2023 3:53,Филатов Кондратий Федосеевич,I2342836,5268 827346
A202,19:00,13.12.2023,14.12.2023 4:00,14.12.2023 4:17,Баранов Лавр Вячеславович,I2342837,5269 827346
S202,20:00,14.12.2023,15.12.2023 5:00,15.12.2023 5:50,Субботин Август Викторович,I2342838,5270 827346
F202,21:00,15.12.2023,16.12.2023 6:00,16.12.2023 6:00,Васильев Владимир Антонинович,I2342839,5271 827346
B202,22:00,16.12.2023,17.12.2023 7:00,17.12.2023 7:34,Громов Пантелеймон Куприянович,I2342840,5272 827346
Y202,23:00,17.12.2023,18.12.2023 8:00,18.12.2023 8:00,Щербаков Аввакуум Созонович,I2342841,5273 827346
M202,0:00,18.12.2042,19.12.2023 9:00,19.12.2023 9:16,Куликов Нелли Кимович,I2342842,5274 827346
L202,1:00,19.12.2042,11.12.2023 10:00,11.12.2023 10:22,Воронов Дональд Дмитриевич,I2342843,5275 827346
U203,2:00,11.12.2023,12.12.2023 2:00,12.12.2023 2:12,Галкин Назарий Оскарович,I2342844,5276 827346
W203,3:00,12.12.2023,13.12.2023 3:00,13.12.2023 3:53,Волков Владлен Станиславович,I2342845,5277 827346
A203,4:00,13.12.2023,14.12.2023 4:00,14.12.2023 4:17,Самойлов Арнольд Святославович,I2342846,5278 827346
S203,5:00,14.12.2023,15.12.2023 5:00,15.12.2023 5:50,Дроздов Мартын Рудольфович,I2342847,5279 827346
F203,6:00,15.12.2023,16.12.2023 6:00,16.12.2023 6:00,Мышкин Пантелей Дмитриевич,I2342848,5280 827346
B203,7:00,12.12.2023,17.12.2023 7:00,17.12.2023 7:34,Осипов Виктор Ефимович,I2342849,5281 827346
Y203,8:00,13.12.2023,18.12.2023 8:00,18.12.2023 8:00,Корнилов Руслан Пётрович,I2342850,5282 827346
M203,9:00,14.12.2023,19.12.2023 9:00,19.12.2023 9:16,Медведев Евгений Онисимович,I2342851,5283 827346
L203,10:00,15.12.2023,11.12.2023 10:00,11.12.2023 10:22,Шестаков Ким Мэлорович,I2342852,5284 827346
U204,11:00,16.12.2023,12.12.2023 2:00,12.12.2023 2:12,Королёв Тимур Федотович,I2342853,5285 827346
W204,12:00,17.12.2023,13.12.2023 3:00,13.12.2023 3:53,Субботин Лазарь Денисович,I2342854,5286 827346
A204,13:00,18.12.2023,14.12.2023 4:00,14.12.2023 4:17,Зуев Ираклий Куприянович,I2342855,5287 827346
S204,14:00,19.12.2023,15.12.2023 5:00,15.12.2023 5:50,Абрамов Осип Евгеньевич,I2342856,5288 827346
F204,15:00,12.12.2023,16.12.2023 6:00,16.12.2023 6:00,Денисов Устин Пётрович,I2342857,5289 827346
B204,16:00,13.12.2023,17.12.2023 7:00,17.12.2023 7:34,Егоров Юрий Георгиевич,I2342858,5290 827346
Y204,17:00,14.12.2023,18.12.2023 8:00,18.12.2023 8:00,Журавлёв Влас Георгиевич,I2342859,5291 827346
M204,18:00,15.12.2023,19.12.2023 9:00,19.12.2023 9:16,Филиппов Юлиан Иосифович,I2342860,5292 827346
L204,19:00,16.12.2023,11.12.2023 10:00,11.12.2023 10:22,Борисов Гарри Борисович,I2342861,5293 827346
U205,20:00,17.12.2023,12.12.2023 2:00,12.12.2023 2:12,Пестов Георгий Улебович,I2342862,5294 827346
W205,21:00,18.12.2023,13.12.2023 3:00,13.12.2023 3:53,Игнатьев Илья Якунович,I2342863,5295 827346
A205,22:00,19.12.2023,14.12.2023 4:00,14.12.2023 4:17,Андреев Игнат Михаилович,I2342864,5296 827346
S205,23:00,12.12.2023,15.12.2023 5:00,15.12.2023 5:50,Гордеев Филипп Ярославович,I2342865,5297 827346
F205,0:00,13.12.2023,16.12.2023 6:00,16.12.2023 6:00,Селезнёв Анатолий Платонович,I2342866,5298 827346
B205,1:00,14.12.2023,17.12.2023 7:00,17.12.2023 7:34,Зимин Сергей Юрьевич,I2342867,5299 827346
Y205,2:00,15.12.2023,18.12.2023 8:00,18.12.2023 8:00,Фадеев Артур Антонович,I2342868,5300 827346
M205,3:00,16.12.2023,19.12.2023 9:00,19.12.2023 9:16,Белоусов Вальтер Дмитриевич,I2342869,5301 827346
L205,4:00,17.12.2023,11.12.2023 10:00,11.12.2023 10:22,Авдеев Вальтер Федосеевич,I2342870,5302 827346
U206,5:00,18.12.2023,12.12.2023 2:00,12.12.2023 2:12,Куликов Ибрагил Феликсович,I2342871,5303 827346
W206,6:00,19.12.2023,13.12.2023 3:00,13.12.2023 3:53,Русаков Парамон Михаилович,I2342872,5304 827346
A206,7:00,12.12.2023,14.12.2023 4:00,14.12.2023 4:17,Трофимов Лев Натанович,I2342873,5305 827346
S206,8:00,13.12.2023,15.12.2023 5:00,15.12.2023 5:50,Силин Руслан Львович,I2342874,5306 827346
F206,9:00,14.12.2023,16.12.2023 6:00,16.12.2023 6:00,Миронов Елисей Львович,I2342875,5307 827346
B206,10:00,15.12.2023,17.12.2023 7:00,17.12.2023 7:34,Сафонов Аскольд Кимович,I2342876,5308 827346
Y206,11:00,16.12.2023,18.12.2023 8:00,18.12.2023 8:00,Сергеев Терентий Матвеевич,I2342877,5309 827346
M206,12:00,17.12.2023,19.12.2023 9:00,19.12.2023 9:16,Лукин Орест Федорович,I2342878,5310 827346
L206,13:00,18.12.2023,11.12.2023 10:00,11.12.2023 10:22,Поляков Влас Олегович,I2342879,5311 827346
U207,14:00,19.12.2023,12.12.2023 2:00,12.12.2023 2:12,Михеев Юстиниан Михайлович,I2342880,5312 827346
W207,15:00,12.12.2023,13.12.2023 3:00,13.12.2023 3:53,Никифоров Варлаам Улебович,I2342881,5313 827346
A207,16:00,13.12.2023,14.12.2023 4:00,14.12.2023 4:17,Жданов Вольдемар Филиппович,I2342882,5314 827346
S207,17:00,14.12.2023,15.12.2023 5:00,15.12.2023 5:50,Николаев Артем Геннадьевич,I2342883,5315 827346
F207,18:00,15.12.2023,16.12.2023 6:00,16.12.2023 6:00,Архипов Исаак Валентинович,I2342884,5316 827346
B207,19:00,16.12.2023,17.12.2023 7:00,17.12.2023 7:34,Фадеев Наум Ефимович,I2342885,5317 827346
Y207,20:00,17.12.2023,18.12.2023 8:00,18.12.2023 8:00,Кудряшов Соломон Анатольевич,I2342886,5318 827346
M207,21:00,18.12.2023,19.12.2023 9:00,19.12.2023 9:16,Ермаков Виктор Игнатьевич,I2342887,5319 827346
L207,22:00,19.12.2023,11.12.2023 10:00,11.12.2023 10:22,Сысоев Касьян Семёнович,I2342888,5320 827346
U208,23:00,12.12.2023,12.12.2023 2:00,12.12.2023 2:12,Селиверстов Георгий Данилович,I2342889,5321 827346
W208,0:00,13.12.2023,13.12.2023 3:00,13.12.2023 3:53,Устинов Любомир Кириллович,I2342890,5322 827346
A208,1:00,14.12.2023,14.12.2023 4:00,14.12.2023 4:17,Евсеев Мирослав Игнатьевич,I2342891,5323 827346
S208,2:00,15.12.2023,15.12.2023 5:00,15.12.2023 5:50,Кабанов Авраам Дамирович,I2342892,5324 827346
F208,3:00,16.12.2023,16.12.2023 6:00,16.12.2023 6:00,Уваров Яков Матвеевич,I2342893,5325 827346
B208,4:00,17.12.2023,17.12.2023 7:00,17.12.2023 7:34,Гаврилов Нисон Гордеевич,I2342894,5326 827346
Y208,5:00,18.12.2023,18.12.2023 8:00,18.12.2023 8:00,Михайлов Евгений Авдеевич,I2342895,5327 827346
M208,6:00,19.12.2023,19.12.2023 9:00,19.12.2023 9:16,Сафонов Михаил Вячеславович,I2342896,5328 827346
L208,7:00,12.12.2023,11.12.2023 10:00,11.12.2023 10:22,Мышкин Гордей Федотович,I2342897,5329 827346
U209,8:00,13.12.2023,12.12.2023 2:00,12.12.2023 2:12,Игнатьев Алексей Мэлорович,I2342898,5330 827346
W209,9:00,14.12.2023,13.12.2023 3:00,13.12.2023 3:53,Фомичёв Альберт Константинович,I2342899,5331 827346
A209,10:00,15.12.2023,14.12.2023 4:00,14.12.2023 4:17,Суханов Емельян Николаевич,I2342900,5332 827346
S209,11:00,16.12.2023,15.12.2023 5:00,15.12.2023 5:50,Мамонтов Максим Агафонович,I2342901,5333 827346
F209,12:00,17.12.2023,16.12.2023 6:00,16.12.2023 6:00,Калашников Любомир Валентинович,I2342902,5334 827346
B209,13:00,18.12.2023,17.12.2023 7:00,17.12.2023 7:34,Овчинников Максим Артёмович,I2342903,5335 827346
Y209,14:00,19.12.2023,18.12.2023 8:00,18.12.2023 8:00,Панов Агафон Богуславович,I2342904,5336 827346
M209,15:00,12.12.2023,19.12.2023 9:00,19.12.2023 9:16,Муравьёв Аркадий Фролович,I2342905,5337 827346
L209,16:00,13.12.2023,11.12.2023 10:00,11.12.2023 10:22,Афанасьев Павел Адольфович,I2342906,5338 827346
U210,17:00,14.12.2023,12.12.2023 2:00,12.12.2023 2:12,Данилов Пантелей Русланович,I2342907,5339 827346
W210,18:00,15.12.2023,13.12.2023 3:00,13.12.2023 3:53,Кошелев Леонид Тимурович,I2342908,5340 827346
A210,19:00,16.12.2023,14.12.2023 4:00,14.12.2023 4:17,Шаров Фрол Денисович,I2342909,5341 827346
S210,20:00,17.12.2023,15.12.2023 5:00,15.12.2023 5:50,Гусев Гордий Кимович,I2342910,5342 827346
F210,21:00,18.12.2023,16.12.2023 6:00,16.12.2023 6:00,Борисов Лука Романович,I2342911,5343 827346
B210,22:00,19.12.2023,17.12.2023 7:00,17.12.2023 7:34,Кондратьев Владлен Иосифович,I2342912,5344 827346
Y210,23:00,12.12.2023,18.12.2023 8:00,18.12.2023 8:00,Гришин Даниил Ярославович,I2342913,5345 827346
M210,0:00,13.12.2023,19.12.2023 9:00,19.12.2023 9:16,Федотов Эрик Антонинович,I2342914,5346 827346
L210,1:00,14.12.2023,11.12.2023 10:00,11.12.2023 10:22,Герасимов Варлам Федотович,I2342915,5347 827346
U211,2:00,15.12.2023,12.12.2023 2:00,12.12.2023 2:12,Титов Пантелей Михайлович,I2342916,5348 827346
W211,3:00,16.12.2023,13.12.2023 3:00,13.12.2023 3:53,Калинин Тарас Протасьевич,I2342917,5349 827346
